Data,Data,Data,Data,Data,Data,Data,Data,Data,Exotic forest,Exotic forest,Exotic forest,Exotic forest,Exotic forest,Exotic forest,Exotic forest,Exotic forest,Exotic forest,Exotic forest,Exotic forest,Exotic forest,Native forest,Native forest,Native forest,Native forest,Native forest,Native forest,Native forest,Native forest,Native forest,Native forest,Native forest,Native forest,Native forest,Native forest,Native forest,Native forest,Native forest,Native forest,Native forest,Native forest,Native forest,Native forest,Native forest,Native forest,Native forest,Native forest,Native forest,Native forest,Native forest,Native forest,Native forest,Native forest,Native forest,Native forest,Native forest,Native forest,Native forest,Native forest,Native forest,Native forest,Native forest,Native forest,Native forest,Native forest,Intensive pasture,Intensive pasture,Intensive pasture,Intensive pasture,Intensive pasture,Intensive pasture,Intensive pasture,Intensive pasture,Intensive pasture,Intensive pasture,Intensive pasture,Intensive pasture,Intensive pasture,Intensive pasture,Intensive pasture,Intensive pasture,Intensive pasture,Intensive pasture,Intensive pasture,Intensive pasture,Intensive pasture,Intensive pasture,Intensive pasture,Intensive pasture,Semi-natural pasture,Semi-natural pasture,Semi-natural pasture,Semi-natural pasture,Semi-natural pasture,Semi-natural pasture,Semi-natural pasture,Semi-natural pasture,Semi-natural pasture,Semi-natural pasture,Semi-natural pasture,Semi-natural pasture,Semi-natural pasture,Semi-natural pasture,Semi-natural pasture,Semi-natural pasture
Order (new),MF,Species_name,Family,N/E/I,Trophic,Paper_OTU,Body Size (mm),Body_Mass.mg.,TER-AGUA-T-66,TER-MNEG-T-62,TER-MNEG-T-63,TER-TCHA-T-64,TER-ACAR-T111,TER-ACAR-T112,TER-ACAR-T-25,TER-ACAR-T-26,TER-ALT-T176,TER-BISC-T-65,TER-MASE-T167,TER-POSA-T172,TER-MATE-T-13,TER-MATE-T-14,TER-MATE-T168,TER-NFBF-T-03,TER-NFBF-T-38,TER-NFBF-TP39,TER-NFBF-TP41,TER-NFBF-TP42,TER-NFBF-TY01,TER-NFBF-TY02,TER-NFBF-TY04,TER-NFGM-T-23,TER-NFGM-T-53,TER-NFGM-T-54,TER-NFGM-TY35,TER-NFPG-T-22,TER-NFPG-T-40,TER-NFPG-T-44,TER-NFPG-TY33,TER-NFSB-T-07,TER-NFSB-T-08,TER-NFSB-T-09,TER-NFSB-T-10,TER-NFSB-T-12,TER-NFSB-T164,TER-NFSB-T-43,TER-NFSB-T-46,TER-NFSB-T-47,TER-NFSB-T-57,TER-NFSB-TE45,TER-NFSB-TE48,TER-NFSB-TE49,TER-NFSB-TE50,TER-NFSB-TY05,TER-NFSB-TY06,TER-NFSB-TY11,TER-NFTB-T173,TER-NFTB-T-51,TER-NFTB-T-52,TER-NFTB-T-55,TER-NFTB-T-56,TER-NFTB-TY15,TER-NFTB-TY16,TER-NFTB-TY18,TER-AGUA-T113,TER-AGUA-T114,TER-AGUA-T-71,TER-ALTA-T-80,TER-CINC-T-74,TER-CINC-T-90,TER-DOZE-T-89,TER-FETE-T-81,TER-FTER-T-82,TER-FTER-T-88,TER-GRANJA_T169,TER-LAJE-T174,TER-PCPI-T-91,TER-PATE-T115,TER-PATE-T116,TER-PIMER-T175,TER-PVIT-T-68,TER-RTER-T-85,TER-SANT-T-87,TER-SSEB-T-83,TER-SCUM-T-75,TER-SERCU-T170,TER-VNOV-T-70,TER-ZIND-T-84,TER-BAGA-T-77,TER-BAGA-T-78,TER-CA_T163,TER-GOLF-T-86,TER-CVSB_T162,TER-MNEG-T-73,TER-MNEG-T-76,TER-MNEG-T-79,TER-NFBF-T-61,TER-NFGM-T-69,TER-NFPG-T118,TER-NFPG-T-67,TER-NFTB-T117,TER-NFTB-T-28,TER-PB-T165,TER-SBAR-T-72
Araneae,2,Tenuiphantes miguelensis,Linyphiidae,N,P,Araneae,2.06,0.546,1,19,22,4,0,0,1,0,32,0,11,0,5,2,2,2,5,8,1,2,2,5,12,0,1,1,1,10,5,3,13,4,4,4,2,3,4,5,11,3,9,18,18,7,20,3,12,3,5,1,6,19,4,4,12,4,0,0,0,0,0,0,0,0,0,0,0,0,0,0,0,0,0,0,0,0,0,0,0,0,0,0,0,2,0,0,0,0,0,0,0,0,0,0,0,0
Araneae,3,Xysticus cor,Thomisidae,N,P,Araneae,4.36,3.068,0,0,0,0,0,0,0,0,0,0,0,0,0,0,0,0,1,0,0,0,0,0,0,0,0,0,0,0,0,0,0,0,0,0,0,0,0,0,0,0,1,0,0,0,0,4,3,0,0,0,0,0,0,0,0,0,0,0,0,0,0,0,0,0,0,0,0,0,0,0,0,0,0,0,0,0,0,0,0,0,0,0,0,0,0,0,0,0,0,0,0,0,0,0,0,0
Araneae,4,Porrhomma borgesi,Linyphiidae,E ,P,Araneae,1.92,0.469,0,2,0,0,0,0,0,0,0,0,0,0,0,0,0,0,0,2,2,3,0,1,0,0,0,0,0,0,0,0,1,1,1,0,1,0,0,1,1,0,1,1,0,1,0,0,0,0,1,0,1,0,0,0,0,0,0,0,0,0,0,0,0,0,0,0,0,0,0,0,0,0,0,0,0,0,0,0,0,0,0,0,0,0,0,0,0,0,0,0,0,0,0,0,0,0
Araneae,5,Rugathodes acoreensis,Theridiidae,E ,P,Araneae,1.91,0.461,0,1,1,0,0,0,0,0,0,0,0,0,0,0,0,2,0,0,3,6,1,2,5,0,0,0,0,0,0,0,0,10,2,0,1,0,4,0,2,1,2,7,1,5,0,4,0,11,9,2,1,0,0,2,0,4,0,0,0,0,0,0,0,0,0,0,0,0,0,0,0,0,0,0,0,0,0,0,0,0,0,0,0,0,0,0,0,0,0,0,0,0,0,0,0,0
Araneae,17,Pardosa acorensis,Lycosidae,E ,P,Araneae,6.12,6.679,0,1,1,0,10,19,18,2,0,9,0,0,1,2,1,7,7,1,0,0,0,0,0,6,0,2,8,0,3,0,0,1,0,15,4,0,1,0,4,2,0,5,0,31,0,21,0,0,0,0,0,1,0,0,1,0,3,30,2,6,1,8,8,27,5,7,28,6,1,0,0,30,0,0,10,4,16,18,1,8,4,12,9,0,20,9,3,2,139,0,0,6,4,21,39,0
Araneae,20,Palliduphantes schmitzi,Linyphiidae,N,P,Araneae,1.65,0.327,0,4,0,0,2,0,1,1,0,1,0,1,0,2,0,0,0,0,0,0,0,0,3,0,0,0,14,0,0,0,1,0,0,2,0,1,0,0,0,0,0,0,4,3,4,0,3,0,1,0,0,0,0,0,0,0,0,0,0,0,0,0,0,0,0,0,0,0,0,0,0,0,0,0,0,0,0,0,0,0,0,1,0,1,0,0,2,0,3,1,4,2,27,0,1,0
Araneae,21,Tenuiphantes tenuis,Linyphiidae,I,P,Araneae,2.47,0.833,1,13,1,12,0,0,2,5,5,0,0,8,5,5,21,2,6,0,1,0,0,0,0,57,2,4,1,2,0,0,0,0,0,0,2,1,0,0,4,0,0,1,3,11,0,0,0,0,0,0,0,0,0,0,0,0,1,2,1,5,0,2,4,11,2,0,9,3,4,0,0,3,0,0,8,0,0,9,0,0,16,2,4,3,20,3,2,7,1,1,0,3,0,0,5,1
Araneae,22,Agyneta decora,Linyphiidae,I,P,Araneae,1.78,0.394,0,4,0,0,0,0,9,3,0,0,0,0,0,0,0,0,2,0,0,0,0,0,0,0,0,0,0,0,0,0,0,2,0,0,0,0,0,0,0,1,0,0,1,1,1,0,0,1,0,0,0,0,0,0,0,0,0,0,0,0,0,0,0,0,0,0,0,1,0,0,0,0,0,0,0,0,0,0,0,0,0,0,0,0,0,1,3,0,3,0,0,1,0,6,0,0
Araneae,24,Mermessus fradeorum,Linyphiidae,I,P,Araneae,2.10,0.573,0,1,2,0,0,0,0,0,0,0,0,0,0,0,0,0,0,0,0,0,0,0,0,0,0,0,0,0,0,0,0,0,0,0,0,0,0,0,0,0,0,0,0,0,0,0,0,0,0,0,0,0,0,0,0,0,1,5,1,0,0,1,0,1,0,9,27,2,1,3,6,1,0,0,1,0,0,0,0,3,0,0,3,33,0,0,0,0,0,0,0,0,0,0,0,1
Araneae,28,Dysdera crocata,Dysderidae,I,P,Araneae,9.84,19.903,0,0,0,1,1,1,6,2,0,3,3,2,0,0,0,1,0,0,0,0,0,0,0,2,1,0,1,0,0,0,0,0,0,0,0,0,0,3,0,0,0,0,1,0,0,1,0,0,0,0,0,0,0,0,0,0,0,0,0,0,0,0,1,0,0,0,0,0,0,0,0,0,0,0,0,1,0,1,0,0,0,1,2,0,0,3,1,0,0,0,1,1,0,0,0,0
Araneae,34,Erigone atra,Linyphiidae,I,P,Araneae,1.86,0.435,0,1,0,0,0,0,0,0,0,0,0,0,0,0,0,0,1,0,0,1,0,0,0,0,0,0,0,0,0,0,0,0,0,0,0,0,0,0,0,0,0,0,0,0,0,0,0,0,0,0,0,0,0,1,0,0,1,0,0,8,0,0,0,0,0,0,1,0,0,12,1,1,2,0,0,0,0,0,1,0,0,0,5,0,0,15,40,41,1,7,5,4,5,4,0,0
Araneae,39,Pisaura acoreensis,Pisauridae,E ,P,Araneae,9.76,19.537,0,0,0,0,0,1,0,0,0,0,0,0,0,0,0,0,1,0,0,0,0,0,0,0,0,0,0,0,0,0,0,0,0,0,0,0,0,0,0,0,0,0,0,2,0,2,1,0,0,0,0,0,0,0,0,0,0,0,0,0,0,0,0,0,0,0,0,0,0,0,0,0,0,0,0,0,0,0,0,0,0,0,0,0,0,0,0,0,0,0,0,0,0,0,0,0
Araneae,50,Canariphantes acoreensis,Linyphiidae,E ,P,Araneae,2.36,0.749,1,0,0,0,0,0,1,0,1,0,13,0,17,0,1,0,0,0,0,0,0,0,1,0,0,2,0,2,3,1,3,0,0,0,0,0,1,1,0,3,0,4,0,2,2,0,1,0,5,1,1,2,3,0,1,0,0,0,0,0,0,0,0,0,0,0,0,0,0,0,0,0,0,0,0,0,0,0,0,0,0,0,0,0,0,0,0,0,0,0,0,0,0,0,0,0
Araneae,133,Metellina sp.,Tetragnathidae,E,P,Araneae,6.32,7.191,0,0,0,0,0,0,0,0,0,0,0,0,0,0,0,0,0,0,0,0,0,0,0,0,0,0,0,0,0,0,0,0,0,0,0,0,0,0,0,0,0,0,0,0,0,0,0,0,0,0,0,0,0,0,0,0,0,0,0,0,0,0,0,0,0,0,0,0,0,0,0,0,0,0,0,0,0,0,0,0,0,0,0,0,1,0,0,0,0,0,0,0,0,0,0,0
Araneae,134,Gibbaranea occidentalis,Araneidae,E ,P,Araneae,5.71,5.691,0,0,0,0,0,0,0,0,0,0,0,0,0,0,0,0,0,0,0,0,0,0,0,0,0,0,0,0,0,0,0,0,0,0,0,0,0,0,0,0,0,0,0,0,0,0,0,0,0,0,0,0,0,0,0,0,0,0,0,0,0,0,0,0,0,0,0,1,0,0,0,0,0,0,0,0,0,0,0,0,0,0,0,0,0,0,0,0,0,0,0,0,0,0,0,0
Araneae,140,Ero furcata,Mimetidae,I,P,Araneae,3.08,1.383,0,1,3,0,0,0,0,0,0,0,0,0,0,0,0,0,0,0,0,1,0,0,0,0,0,0,0,0,1,0,0,0,0,0,0,0,0,0,0,0,1,0,0,0,0,0,0,0,0,0,0,0,0,0,0,0,0,0,0,0,0,0,0,0,0,0,0,0,0,0,0,0,0,0,0,0,0,0,0,0,0,0,0,0,0,0,0,0,0,0,0,0,0,0,0,0
Araneae,179,Sancus acoreensis ,Tetragnathidae,E ,P,Araneae,3.29,1.609,0,0,0,0,0,0,0,0,0,0,0,0,0,0,0,0,0,0,0,0,1,0,0,0,0,0,0,0,0,0,0,0,0,0,0,0,0,0,0,0,0,0,0,0,0,0,0,0,0,0,0,0,0,0,0,0,0,0,0,0,0,0,0,0,0,0,0,0,0,0,0,0,0,0,0,0,0,0,0,0,0,0,0,0,0,0,0,0,0,0,0,0,0,0,0,0
Araneae,198,Macaroeris cata ,Salticidae,N,P,Araneae,4.76,3.762,0,0,0,0,0,0,0,0,0,0,0,0,0,0,1,0,0,0,0,0,0,0,0,0,0,0,0,0,0,0,0,0,0,0,0,0,0,0,0,0,0,0,0,0,0,0,0,0,0,0,0,0,0,0,0,0,0,0,0,0,0,0,0,0,0,0,0,0,0,0,0,0,0,0,0,0,0,0,0,0,0,0,0,0,0,0,0,0,0,0,0,0,0,0,0,0
Araneae,233,Oedothorax fuscus ,Linyphiidae,I,P,Araneae,2.12,0.584,0,0,0,0,7,0,0,6,0,0,0,0,0,0,0,0,0,0,0,0,0,0,0,0,0,0,0,0,0,0,0,0,0,0,0,0,0,0,0,0,0,0,0,0,0,0,0,0,0,1,0,0,0,0,0,0,239,162,215,202,26,833,291,580,495,609,415,25,647,89,243,437,64,226,1044,453,555,227,43,578,674,1000,405,737,677,782,203,651,8,388,219,247,171,78,374,637
Araneae,234,Erigone autumnalis,Linyphiidae,I,P,Araneae,1.33,0.202,0,0,0,0,0,0,0,4,0,0,0,0,0,0,0,0,0,0,0,0,0,0,0,0,0,0,0,0,0,0,0,0,0,0,0,0,0,0,0,0,0,0,0,0,0,0,0,0,0,0,0,0,0,0,0,0,19,17,33,18,10,69,17,47,37,42,59,47,18,0,1,49,18,22,23,64,35,6,52,12,1,7,22,16,1,18,8,13,9,4,3,8,2,34,0,5
Araneae,235,Pelecopsis parallela ,Linyphiidae,I,P,Araneae,1.50,0.265,0,0,0,0,0,0,0,0,0,0,0,0,0,0,0,0,0,0,0,0,0,0,0,0,0,0,0,0,0,0,0,0,0,0,0,0,0,0,0,0,0,0,0,0,0,0,0,0,0,0,0,0,0,0,0,0,0,0,12,0,21,0,0,0,0,0,0,0,0,0,0,0,0,0,0,0,0,0,6,0,0,0,0,0,0,0,0,0,0,0,0,0,0,5,0,0
Araneae,246,Erigone dentipalpis ,Linyphiidae,I,P,Araneae,2.14,0.598,0,0,0,0,0,0,0,0,0,0,0,2,0,0,0,0,0,0,0,0,0,0,0,0,0,0,0,0,0,0,0,0,0,0,0,0,0,0,0,0,0,0,0,0,0,0,0,0,0,0,0,0,0,0,0,0,62,32,84,84,12,30,60,87,61,116,255,28,109,13,11,92,14,28,45,44,62,421,78,121,52,12,49,41,1,15,4,13,0,34,1,2,1,1,2,6
Araneae,249,Mermessus bryantae ,Linyphiidae,I,P,Araneae,1.65,0.331,0,0,0,0,0,0,0,0,0,0,0,0,0,0,0,0,0,0,0,0,0,0,0,0,0,0,0,0,0,0,0,0,0,0,0,0,0,0,0,0,1,1,0,0,0,0,0,0,0,0,0,0,0,0,0,1,1,0,0,2,0,5,0,19,0,3,21,0,1,8,5,5,0,0,0,0,0,0,0,1,2,0,0,2,0,5,0,8,0,2,5,0,8,0,0,11
Araneae,250,Xysticus nubilus,Thomisidae,I,P,Araneae,6.00,6.388,0,0,0,0,0,0,0,0,0,0,0,0,0,0,0,0,3,0,0,0,0,0,0,0,0,0,0,0,0,0,0,0,0,0,0,0,0,0,0,0,0,0,0,0,0,0,0,0,0,0,0,0,0,0,0,0,0,0,0,0,0,0,0,0,0,0,0,0,0,0,0,0,0,0,0,0,0,0,0,0,0,0,0,0,0,0,0,0,6,0,0,0,0,9,1,0
Araneae,260,Prinerigone vagans ,Linyphiidae,I,P,Araneae,1.97,0.497,0,0,0,0,0,0,0,0,0,0,0,0,0,0,0,0,0,0,0,0,0,0,0,0,0,0,0,0,0,0,0,0,0,0,0,0,0,0,0,0,0,0,0,0,0,0,0,0,0,0,0,0,0,0,0,0,3,1,15,18,5,10,4,0,3,7,14,0,23,0,0,1,0,5,2,5,2,46,13,37,3,0,0,1,0,3,0,2,0,1,0,0,0,0,0,0
Araneae,312,Acorigone acoreensis ,Linyphiidae,E ,P,Araneae,1.24,0.171,0,0,0,0,0,0,0,0,0,0,0,0,0,0,0,0,2,0,0,0,0,0,0,0,0,0,0,0,0,0,0,0,0,2,0,0,0,0,0,2,0,0,0,4,0,0,0,0,0,0,0,0,0,0,0,0,0,0,0,0,0,0,0,0,0,0,0,0,0,0,0,0,0,0,0,0,0,0,0,0,0,0,0,0,0,0,0,0,0,0,1,1,0,0,0,0
Araneae,330,Meioneta fuscipalpa ,Linyphiidae,I,P,Araneae,1.90,0.456,0,0,0,0,0,0,0,0,0,0,0,0,0,0,0,0,0,0,0,0,0,0,0,0,0,0,0,0,0,0,0,0,0,0,0,0,0,0,0,0,0,0,0,0,0,0,0,0,0,0,0,0,0,0,0,0,0,0,20,47,23,3,7,0,11,0,0,39,0,0,0,0,18,8,0,12,1,0,68,0,0,0,0,0,0,0,0,0,0,1,0,0,0,0,0,0
Araneae,333,Ostearius melanopygius ,Linyphiidae,I,P,Araneae,2.30,0.707,0,0,0,0,0,0,0,0,0,0,0,0,0,0,0,0,0,0,0,0,0,0,0,0,0,0,0,0,0,0,0,0,0,0,0,0,0,0,0,0,0,0,0,0,0,0,0,0,0,0,0,0,0,0,0,0,13,19,13,4,2,7,1,31,4,4,24,20,0,0,0,2,0,0,1,5,2,1,1,0,2,0,0,1,0,0,0,0,0,0,0,0,0,0,0,2
Araneae,421,Walckenaeria grandis ,Linyphiidae,E ,P,Araneae,2.20,0.636,0,0,0,0,0,0,0,0,0,0,0,0,0,0,0,0,0,0,0,0,0,0,0,0,0,0,0,0,0,0,0,0,0,0,0,0,0,0,0,2,0,0,0,2,0,3,1,2,0,0,0,0,0,0,0,0,0,0,0,0,0,0,0,0,0,0,0,0,0,0,0,0,0,0,0,0,0,0,0,0,0,0,0,0,0,0,0,0,0,0,0,0,0,0,0,0
Araneae,442,Minicia floresensis ,Linyphiidae,E ,P,Araneae,1.80,0.402,0,0,0,0,0,0,0,0,0,0,0,0,0,0,0,2,0,0,0,0,0,0,0,0,0,0,0,0,0,0,0,0,0,0,0,0,0,0,0,0,0,0,0,0,0,0,0,0,0,0,0,0,0,0,0,0,0,0,0,0,0,0,0,0,0,0,0,0,0,0,0,0,0,0,0,0,0,0,0,0,0,0,0,0,0,0,0,0,0,0,0,0,0,0,0,0
Araneae,488,Cryptachaea blattea ,Theridiidae,I,P,Araneae,3.00,1.301,0,0,0,0,0,0,0,0,0,0,0,0,0,0,1,0,0,0,0,0,0,0,0,0,0,0,0,0,0,0,0,0,0,0,0,0,0,0,0,0,0,0,0,0,0,0,0,0,0,0,0,0,0,0,0,0,0,0,0,0,0,0,0,0,0,0,0,0,0,0,0,0,0,0,0,0,0,0,0,0,0,0,0,0,0,0,0,0,0,0,0,0,0,0,0,0
Araneae,489,Tegenaria domestica ,Agelenidae,I,P,Araneae,8.50,14.212,0,0,0,0,0,0,0,0,0,0,0,0,0,0,1,0,0,0,0,0,0,0,0,0,0,0,0,0,0,0,0,0,0,0,0,0,0,0,0,0,0,0,0,0,0,0,0,0,0,0,0,0,0,0,0,0,0,0,1,0,0,0,0,0,0,0,0,0,0,0,0,0,0,0,0,0,0,0,0,0,0,0,0,0,0,0,0,0,0,0,0,0,0,0,0,0
Araneae,526,Neon acoreensis ,Salticidae,E ,P,Araneae,1.98,0.502,0,0,0,0,0,0,0,0,0,0,0,0,0,0,0,0,0,0,0,0,0,0,0,0,0,0,0,0,0,0,0,0,0,0,0,0,0,0,0,0,0,0,0,0,0,0,0,0,0,0,0,0,0,0,0,0,0,0,0,0,0,0,0,0,0,0,0,0,0,0,0,0,0,0,0,0,0,0,0,0,0,0,0,0,0,0,0,0,0,0,0,1,0,1,0,0
Araneae,653,Oecobius navus ,Oecobiidae,I,P,Araneae,2.25,0.672,0,0,0,0,0,0,0,0,0,0,0,0,0,0,0,0,0,0,0,0,0,0,0,0,0,0,0,0,0,0,0,0,0,0,0,0,0,0,0,0,0,0,0,0,0,0,1,0,0,0,0,0,0,0,0,0,0,0,0,0,0,0,0,0,0,3,0,0,0,0,0,0,0,1,0,0,0,0,0,0,0,0,0,0,0,0,0,0,0,0,0,0,0,0,0,0
Araneae,697,Microlinyphia johnsoni   ,Linyphiidae,N,P,Araneae,3.75,2.171,1,0,0,0,0,0,0,0,0,0,0,0,0,0,0,0,0,0,0,0,0,0,0,0,0,0,0,0,0,0,0,0,0,0,0,0,0,0,0,0,0,0,0,0,0,0,0,0,0,0,0,0,0,0,0,0,0,0,0,0,0,0,0,0,0,0,0,0,0,0,0,0,0,0,0,0,0,0,0,0,0,0,0,0,0,0,0,0,0,0,0,0,0,0,0,0
Araneae,735,Neriene clathrata ,Linyphiidae,I,P,Araneae,4.23,2.863,0,0,0,0,0,0,0,0,0,0,0,0,0,0,0,0,0,0,0,0,0,0,0,0,0,0,0,0,0,0,0,0,0,0,0,0,0,0,0,0,0,0,0,0,0,0,0,0,0,0,0,0,0,0,0,0,0,0,0,0,0,0,0,0,0,0,0,0,0,0,0,0,0,0,0,0,0,0,0,0,0,0,0,0,0,0,0,0,0,0,0,0,0,0,1,0
Araneae,761,Pachygnatha degeeri,Tetragnathidae,I,P,Araneae,3.06,1.361,0,0,0,0,0,0,0,0,0,0,0,0,0,0,0,0,0,0,0,0,0,0,0,0,0,0,0,0,0,0,0,0,0,0,0,0,0,0,0,0,0,0,0,0,0,0,0,0,0,0,0,0,0,0,0,0,2,5,1,10,0,0,2,8,4,11,8,1,0,0,2,6,0,0,3,2,18,4,1,0,6,2,10,0,10,0,0,0,0,1,0,0,0,0,28,0
Araneae,988,Oecobius similis,Oecobiidae,N,P,Araneae,2.35,0.742,0,0,0,0,0,0,0,0,0,0,0,0,0,0,0,0,0,0,0,0,0,0,0,0,0,0,0,0,0,0,0,0,0,0,0,0,0,0,0,0,0,0,0,0,0,0,0,0,0,0,0,0,0,0,0,0,0,0,0,0,0,0,0,0,0,0,0,3,0,0,0,1,1,0,0,0,0,0,0,0,0,0,0,0,0,0,0,0,0,0,0,0,0,0,0,0
Araneae,998,Zelotes aeneus ,Gnaphosidae,I,P,Araneae,6.00,6.388,0,0,0,0,0,0,0,0,0,0,0,0,0,0,0,0,0,0,0,0,0,0,0,0,0,0,0,0,0,0,0,0,0,0,0,0,0,0,0,0,0,0,0,0,0,0,0,0,0,0,0,0,0,0,0,0,0,0,1,8,0,0,0,1,0,0,0,4,0,0,0,0,5,0,0,0,0,0,6,0,0,0,0,0,0,0,0,0,0,0,0,0,0,0,0,0
Araneae,999,Trachyzelotes lyonneti ,Gnaphosidae,I,P,Araneae,6.00,6.388,0,0,0,0,0,0,0,0,0,0,0,0,0,0,0,0,0,0,0,0,0,0,0,0,0,0,0,0,0,0,0,0,0,0,0,0,0,0,0,0,0,0,0,0,0,0,0,0,0,0,0,0,0,0,0,0,0,0,0,0,0,0,0,0,0,0,0,5,0,0,0,0,0,0,0,0,0,0,0,0,0,0,0,0,0,0,0,0,0,0,0,0,0,0,0,0
Araneae,1014,Gen. sp.1,Salticidae,I,P,Araneae,2.95,1.251,0,0,0,0,0,0,0,0,0,0,0,0,0,0,0,0,0,0,0,0,0,0,0,0,0,0,0,0,0,0,0,0,0,0,0,0,0,0,0,0,0,0,0,0,0,0,0,0,0,0,0,0,0,0,0,0,0,0,0,0,3,0,0,0,0,0,0,0,0,0,0,0,0,0,0,0,0,0,6,0,0,0,0,0,0,0,0,0,0,0,0,0,0,0,0,0
Blattaria,59,Zetha vestita ,Polyphagidae,N,S,Blattodea,5.00,2.148,0,0,0,0,0,0,0,0,1,0,0,0,1,2,0,0,0,0,0,0,0,0,0,1,0,0,2,0,0,1,1,0,0,0,0,0,0,0,1,0,0,0,0,0,0,0,0,0,0,0,0,0,0,0,0,0,0,0,0,0,0,0,0,0,0,0,0,0,0,0,0,0,0,0,0,0,0,0,0,0,0,0,0,0,0,0,0,0,0,0,0,0,0,0,0,0
Coleoptera,15,Ocys harpaloides ,Carabidae,N,P,Coleoptera,6.00,4.646,0,6,1,0,0,0,0,0,0,0,0,0,0,0,0,0,0,0,0,0,0,0,0,1,0,0,0,0,0,0,0,0,0,0,0,0,0,0,0,0,0,0,0,0,0,0,0,0,0,0,0,0,0,0,0,0,0,0,0,0,0,0,0,0,0,0,0,0,0,0,0,0,0,0,0,0,0,0,0,0,0,0,0,0,0,0,0,0,0,0,0,0,0,0,0,0
Coleoptera,16,Atheta fungi ,Staphylinidae,I,F,Coleoptera,2.99,0.739,0,0,1,0,0,0,0,0,0,1,0,1,0,0,4,0,0,0,0,0,0,0,0,0,0,0,0,0,0,0,0,0,0,0,0,0,0,0,0,0,0,0,0,0,0,0,0,0,0,0,0,0,0,0,0,0,0,0,0,0,1,0,0,3,0,0,0,0,1,1,0,0,0,0,0,0,0,0,0,0,0,0,0,0,0,0,0,0,0,0,0,0,0,0,0,0
Coleoptera,23,Phloeonomus punctipennis,Staphylinidae,N,P,Coleoptera,2.26,0.353,0,1,0,0,0,0,0,0,0,0,0,2,0,0,0,0,0,0,0,0,0,0,0,0,0,0,0,0,0,0,0,0,0,0,0,0,1,0,0,0,0,0,0,0,0,0,0,0,0,0,0,0,0,0,0,0,0,0,0,0,0,0,0,0,0,0,0,0,0,0,0,0,0,0,0,0,0,0,0,0,0,0,0,0,0,0,0,0,0,0,0,0,0,0,0,0
Coleoptera,31,Otiorhynchus rugosostriatus ,Curculionidae,I,H,Coleoptera,11.62,26.603,0,1,1,0,0,0,1,0,0,0,0,0,0,0,0,0,0,0,0,0,0,0,0,0,0,0,0,0,0,0,0,0,0,0,0,0,0,0,0,0,0,0,0,0,0,0,0,0,0,0,0,0,0,0,0,0,0,0,0,0,0,0,0,0,0,0,0,0,0,0,0,0,0,0,0,0,0,0,0,0,0,0,0,0,0,0,0,0,0,0,0,0,0,0,0,0
Coleoptera,32,Pterostichus vernalis ,Carabidae,I,P,Coleoptera,7.00,6.98,0,1,0,0,0,0,0,0,0,0,0,0,0,0,0,0,0,0,0,0,0,0,0,0,0,0,0,0,0,0,0,0,0,0,0,0,0,0,0,0,0,0,0,0,0,0,0,0,0,0,0,0,0,0,0,0,0,0,0,0,0,0,0,10,0,0,112,0,12,49,51,14,0,0,4,0,0,9,0,11,1,0,53,21,7,4,0,81,0,34,0,0,0,0,0,9
Coleoptera,40,Cercyon haemorrhoidalis ,Hydrophilidae,I,S,Coleoptera,2.00,0.256,0,0,0,0,0,0,0,0,0,0,0,0,0,0,0,0,0,0,2,0,0,0,0,0,0,0,0,1,0,0,0,0,0,0,0,0,0,0,0,0,0,2,0,0,0,0,0,0,0,0,0,0,0,1,1,0,0,0,0,0,0,0,0,0,0,0,0,0,0,0,0,0,0,0,0,0,0,0,0,1,0,0,1,0,0,0,0,0,0,1,0,0,0,0,2,0
Coleoptera,41,Ocypus aethiops ,Staphylinidae,N,P,Coleoptera,9.00,13.551,11,0,0,0,8,2,5,2,17,7,0,0,4,0,0,1,0,9,2,4,1,1,5,1,17,60,94,8,1,7,24,4,0,3,2,0,3,4,3,3,10,6,34,4,40,2,3,1,7,6,5,42,8,4,15,15,0,0,0,0,0,0,0,0,0,0,0,0,0,0,0,0,0,0,0,0,0,0,0,0,0,30,0,0,0,1,2,0,1,0,0,15,0,0,0,0
Coleoptera,45,Anisodactylus binotatus ,Carabidae,I,P,Coleoptera,11.00,23.018,0,0,1,0,0,0,0,0,0,0,0,0,0,0,0,0,0,0,0,0,0,0,0,1,0,0,0,0,0,0,0,0,0,0,0,0,0,0,0,0,0,0,0,0,0,0,0,0,0,0,0,0,0,0,0,0,1,0,0,2,0,0,0,9,0,2,25,0,4,8,7,2,0,0,1,0,2,1,0,0,0,0,2,4,15,1,0,0,0,0,0,0,0,0,31,6
Coleoptera,46,Drouetius borgesi,Curculionidae,E ,H,Coleoptera,10.37,19.699,0,0,1,0,0,0,0,0,0,0,0,0,0,0,0,0,0,0,0,0,0,0,0,0,0,0,0,2,15,4,7,0,0,0,0,3,2,3,0,0,9,10,14,6,18,0,0,0,0,1,0,0,0,0,0,2,0,0,0,0,0,0,0,0,0,0,0,0,0,0,0,0,0,0,0,0,0,0,0,0,0,0,0,0,0,0,0,0,0,0,0,0,0,0,0,0
Coleoptera,51,Paranchus albipes ,Carabidae,I,P,Coleoptera,10.00,17.897,0,0,0,0,0,0,0,0,0,0,0,0,0,0,0,0,0,0,0,0,1,0,0,0,0,0,0,1,4,0,0,0,0,0,0,0,0,3,0,0,0,38,0,1,0,1,0,0,0,0,0,0,0,3,0,54,0,0,0,0,0,0,0,0,0,0,1,0,0,0,1,0,0,0,0,0,0,0,0,0,0,0,0,0,4,0,0,0,0,0,0,0,0,0,0,0
Coleoptera,52,Cordalia obscura ,Staphylinidae,I,P,Coleoptera,2.00,0.256,0,0,0,0,0,0,0,0,0,0,0,0,1,0,0,0,0,0,0,0,0,0,0,0,0,0,1,0,0,0,0,0,0,0,0,0,0,0,0,0,0,0,0,0,0,0,0,0,0,0,0,0,0,0,0,0,37,103,24,1,5,4,5,2,4,2,32,4,0,78,63,18,0,2,4,2,2,7,7,1,4,0,3,2,8,1,0,3,0,1,0,0,0,0,0,0
Coleoptera,57,Atheta aeneicollis ,Staphylinidae,I,P,Coleoptera,3.01,0.752,0,0,0,0,0,0,0,0,0,0,0,0,0,0,0,0,1,0,0,0,0,0,0,0,0,0,0,0,0,0,0,0,0,0,0,0,0,0,0,0,0,35,0,0,0,0,0,0,0,0,0,0,0,13,0,1,0,0,0,0,0,0,0,0,0,0,0,0,0,0,0,0,0,0,0,0,0,0,0,0,0,0,0,0,0,0,0,0,0,0,0,0,0,0,0,0
Coleoptera,61,Epuraea biguttata ,Nitidulidae,I,S,Coleoptera,2.98,0.732,1,0,0,0,0,0,0,1,1,5,0,3,9,2,24,0,0,0,0,0,0,0,0,0,0,0,0,0,0,0,0,0,0,0,0,0,0,0,0,0,0,0,0,0,0,0,0,0,0,0,0,0,0,0,0,0,0,0,0,1,0,0,0,0,0,0,1,0,11,0,0,1,0,0,7,0,0,0,0,2,0,0,0,0,0,0,0,0,0,1,0,0,0,0,0,0
Coleoptera,65,Sericoderus lateralis ,Corylophidae,I,P,Coleoptera,0.50,0.007,0,0,0,0,0,0,0,0,0,0,0,0,0,0,0,0,0,0,0,0,0,0,0,0,0,0,0,0,0,0,0,0,0,0,0,0,0,0,0,0,0,0,0,0,0,0,0,0,0,0,0,0,0,0,0,0,1,2,7,1,3,2,7,0,0,0,0,0,0,0,0,2,0,0,0,3,0,0,1,0,0,0,0,0,0,0,0,1,0,1,0,0,0,1,0,0
Coleoptera,66,Amischa analis ,Staphylinidae,I,P,Coleoptera,2.85,0.651,0,0,0,0,0,0,0,0,0,0,0,0,0,0,0,0,0,0,0,0,0,0,0,1,0,0,0,0,0,0,0,0,0,0,0,0,0,0,0,0,0,0,0,0,0,0,0,0,0,0,0,0,0,0,0,0,2,5,2,5,0,5,7,15,2,3,36,3,0,6,3,4,0,8,1,2,1,79,0,3,0,0,5,9,0,1,3,7,0,10,1,0,0,10,0,0
Coleoptera,72,Ptenidium pusillum ,Ptiliidae,I,S,Coleoptera,1.00,0.041,0,0,0,0,0,0,0,0,0,0,0,0,0,0,0,0,0,0,0,0,0,0,0,0,0,0,0,0,0,0,0,0,0,0,0,0,0,0,0,0,0,0,0,0,0,0,0,0,0,0,0,0,0,25,0,0,0,0,0,0,0,1,0,0,0,0,0,0,0,1,0,0,0,0,0,0,0,0,0,0,0,0,0,0,0,0,0,0,0,3,0,0,0,0,0,0
Coleoptera,74,Pseudoophonus rufipes ,Carabidae,I,P/H,Coleoptera,13.00,35.776,0,0,0,0,0,0,0,0,0,0,0,0,0,0,0,0,0,0,0,0,0,0,0,0,0,0,0,0,0,0,0,0,0,0,0,0,0,0,0,0,0,0,0,0,0,0,0,0,0,0,0,0,0,0,0,0,0,0,18,6,0,14,0,4,0,1,3,0,0,0,0,0,0,0,6,0,0,0,0,9,1,0,0,0,0,0,0,2,0,1,0,0,0,0,0,1
Coleoptera,77,Pseudechinosoma nodosum,Curculionidae,E ,H,Coleoptera,2.15,0.309,0,0,0,0,0,0,0,0,0,0,0,0,0,1,0,0,0,0,0,0,0,0,0,0,0,0,0,0,0,1,0,0,0,0,0,0,0,0,0,0,0,0,0,0,0,0,0,0,0,0,1,1,0,0,0,0,0,0,0,0,0,0,0,0,0,0,0,0,0,0,0,0,0,0,0,0,0,0,0,0,0,0,0,0,0,0,0,0,0,0,0,0,0,0,0,0
Coleoptera,78,Anaspis proteus ,Scraptiidae,N,H,Coleoptera,2.00,0.256,0,0,0,0,0,0,0,1,1,0,1,0,2,0,2,0,0,0,0,0,0,0,0,0,0,0,0,0,0,0,0,0,0,0,0,0,0,0,0,0,0,0,0,0,0,0,0,0,0,0,0,0,0,0,0,0,0,0,0,0,0,0,0,0,0,0,0,0,0,0,0,0,0,0,0,0,0,0,0,0,0,0,0,0,1,0,0,0,0,0,0,0,0,0,0,0
Coleoptera,79,Quedius curtipennis,Staphylinidae,N,P,Coleoptera,12.10,29.603,0,0,0,0,0,0,0,0,0,0,0,0,0,0,0,0,0,0,0,0,0,0,0,0,0,0,0,0,0,0,0,0,0,0,0,0,0,0,0,0,0,0,0,0,0,0,0,0,0,0,1,0,0,1,0,0,0,0,0,0,0,0,0,0,0,0,0,0,0,0,0,0,0,0,0,0,0,0,0,0,0,0,0,0,0,0,0,0,0,3,0,0,3,0,0,0
Coleoptera,82,Proteinus atomarius,Staphylinidae,N,P,Coleoptera,1.00,0.041,1,0,0,0,1,1,0,0,0,0,0,0,0,0,1,0,0,2,0,0,0,0,0,0,2,1,0,0,0,0,2,1,0,0,0,0,0,0,0,0,0,0,1,0,0,0,0,0,2,0,0,0,0,2,0,1,0,0,0,0,0,0,0,0,0,0,0,0,0,0,0,0,0,0,0,0,0,0,0,0,0,0,0,0,0,0,0,0,0,0,0,0,0,0,0,0
Coleoptera,87,Aloconota sulcifrons ,Staphylinidae,N,P,Coleoptera,3.03,0.765,0,0,0,0,0,0,0,0,0,0,0,0,0,0,0,0,0,0,0,0,0,0,0,0,0,0,0,0,0,0,0,0,0,0,0,0,0,0,0,0,0,15,0,0,0,0,0,0,0,0,0,0,0,0,0,0,0,0,0,0,0,0,0,0,0,0,0,0,0,0,0,0,0,0,0,0,0,0,0,0,0,0,0,0,0,0,0,0,0,0,0,0,0,0,0,0
Coleoptera,88,Ocypus olens ,Staphylinidae,N,P,Coleoptera,17.00,72.639,6,0,0,0,0,0,0,0,0,0,0,0,0,0,0,0,0,0,0,0,0,0,0,0,0,0,0,0,0,0,0,0,0,0,0,0,0,0,0,0,0,0,0,0,0,0,0,0,0,0,0,0,0,0,0,0,91,52,1,0,0,0,0,2,0,0,0,0,0,0,0,0,18,0,28,0,0,0,0,0,2,16,0,0,0,12,0,0,0,0,0,1,0,0,0,0
Coleoptera,89,Tachyporus nitidulus ,Staphylinidae,I,P,Coleoptera,3.00,0.745,0,0,0,0,0,0,0,0,0,0,0,0,0,0,0,0,0,0,0,0,0,0,0,0,0,0,0,0,0,0,0,0,0,0,0,0,0,0,0,0,0,0,0,0,0,0,0,0,0,0,0,0,0,0,0,0,0,0,0,0,0,0,2,1,0,0,1,0,0,0,0,0,0,1,0,0,0,1,0,0,0,0,2,0,0,0,0,0,0,0,0,0,0,0,0,0
Coleoptera,98,Placonotus sp.1,Laemophloeidae,N,P,Coleoptera,2.37,0.4,0,0,0,0,0,0,0,0,0,0,0,0,1,0,0,0,1,0,0,0,0,0,0,0,0,0,0,0,0,0,0,0,0,0,0,0,0,0,0,0,0,0,0,0,0,0,0,0,0,0,0,0,0,0,0,0,0,0,0,0,1,0,0,0,0,0,0,0,0,0,0,0,0,0,0,0,0,0,0,0,0,0,0,1,0,0,0,0,0,0,0,0,0,0,0,0
Coleoptera,102,Pseudophloeophagus,Curculionidae,N,H,Coleoptera,4.00,1.593,0,0,0,0,0,0,0,0,0,0,0,0,0,0,1,0,0,0,0,0,0,1,1,1,0,0,0,0,1,0,0,0,0,0,0,0,0,0,0,0,0,0,0,0,0,0,0,0,0,0,0,1,0,1,1,0,0,0,0,0,0,0,0,0,0,0,0,0,0,0,0,0,0,0,0,0,0,0,0,0,0,0,0,0,0,0,0,0,0,0,0,0,0,0,0,0
Coleoptera,107,Atlantocis gillerforsi,Ciidae,E ,F,Coleoptera,1.53,0.126,0,0,0,0,0,0,0,0,0,0,0,0,0,0,4,0,0,0,0,0,0,0,0,0,0,0,0,1,0,0,0,0,0,0,0,0,0,0,0,0,0,0,0,0,0,0,0,0,0,0,0,0,0,0,1,0,0,0,0,0,0,0,0,0,0,0,0,0,0,0,0,0,0,0,0,0,0,0,0,0,0,0,0,0,0,0,0,0,0,0,0,0,0,0,0,0
Coleoptera,108,Cryptamorpha desjardinsii ,Silvanidae,I,P,Coleoptera,4.00,1.593,0,0,0,0,0,0,0,0,0,0,0,0,0,0,0,0,0,0,0,0,0,0,0,0,0,0,0,0,0,0,0,0,0,0,0,0,0,0,0,0,0,0,0,0,0,0,0,0,0,0,0,0,0,0,0,0,0,0,0,0,1,0,0,0,0,0,0,0,0,0,0,0,0,0,0,0,0,0,0,0,0,0,0,0,0,0,0,0,0,0,0,0,0,0,0,0
Coleoptera,110,Cryptolestes sp.1,Laemophloeidae,N,P,Coleoptera,2.14,0.306,0,0,0,0,0,0,0,0,0,0,5,5,0,0,0,0,0,0,0,0,0,0,0,0,0,0,0,0,0,0,0,0,0,0,0,0,0,0,0,0,0,0,0,0,0,0,0,0,0,0,0,0,0,0,0,0,0,0,0,0,0,0,0,0,0,0,0,2,0,0,0,0,0,0,0,0,0,0,0,0,0,0,0,0,0,0,0,0,0,0,0,0,0,0,0,0
Coleoptera,113,Typhaea stercorea ,Mycetophagidae,I,F,Coleoptera,2.27,0.357,0,0,0,0,0,0,0,0,0,0,0,0,0,0,0,0,0,0,0,0,0,0,0,0,0,0,0,0,0,0,0,0,0,0,0,0,0,0,0,0,0,0,0,0,0,0,0,0,0,0,0,0,0,0,0,0,2,0,14,52,6,3,20,120,3,1,0,4,0,0,0,0,1,6,0,9,0,1,9,1,0,0,0,0,0,0,0,0,0,0,0,0,0,0,0,0
Coleoptera,120,Coccotrypes carpophagus ,Curculionidae,I,H,Coleoptera,2.00,0.256,0,0,0,10,0,0,1,0,0,0,0,12,14,5,0,0,0,0,0,0,0,0,0,0,2,1,1,0,0,0,0,1,0,0,0,0,0,0,0,0,0,0,0,0,0,0,0,0,0,0,0,0,0,0,0,0,0,0,0,0,0,0,0,0,0,0,0,0,0,0,0,0,0,0,0,0,0,1,0,0,0,0,0,0,0,0,0,0,0,0,0,0,0,0,0,0
Coleoptera,136,Athous azoricus,Elateridae,E ,H,Coleoptera,9.54,15.805,0,0,0,0,0,0,0,0,0,0,0,0,1,0,0,0,0,0,0,0,0,0,0,0,0,0,0,0,0,0,0,0,0,0,0,0,0,0,0,0,0,0,0,0,0,0,0,0,0,0,0,0,0,0,0,0,0,0,0,0,0,0,0,0,0,0,0,0,0,0,0,0,0,0,0,0,0,0,0,0,0,0,0,0,0,0,0,0,0,0,0,0,0,0,0,0
Coleoptera,143,Sphaeridium bipustulatum ,Hydrophilidae,I,S,Coleoptera,4.00,1.593,0,0,0,0,0,0,0,0,1,0,0,0,0,0,0,0,0,0,0,0,0,0,0,0,0,0,0,0,0,0,0,0,0,0,0,0,0,0,0,0,0,0,0,0,0,0,0,0,0,0,0,0,0,0,0,0,0,0,0,0,0,0,0,0,0,0,0,0,0,0,2,0,0,0,0,2,0,0,0,0,0,0,3,0,0,0,0,1,0,1,0,0,0,1,1,0
Coleoptera,145,Cryptophagus sp.1,Cryptophagidae,I,S,Coleoptera,1.44,0.107,0,0,0,0,0,0,0,0,0,0,0,0,0,0,0,0,0,0,0,0,0,0,0,0,0,0,0,0,0,0,0,0,0,0,0,0,0,0,0,0,0,0,0,0,0,0,0,0,0,0,0,0,0,0,0,0,4,0,2,1,5,0,1,11,1,0,0,2,1,0,0,5,0,6,0,4,3,2,0,0,2,1,0,0,0,0,0,0,0,0,0,0,0,1,0,1
Coleoptera,153,Trichiusa immigrata,Staphylinidae,I,P,Coleoptera,2.27,0.357,0,0,0,0,0,0,0,0,0,0,0,0,0,0,0,0,0,0,0,0,0,0,0,0,0,0,0,0,0,0,0,0,0,0,0,0,0,0,0,0,0,0,0,0,0,0,0,0,0,0,0,0,0,0,0,0,0,0,0,0,0,0,0,0,0,3,0,0,0,0,0,0,0,0,0,0,0,0,0,0,0,0,0,0,0,0,0,0,0,0,0,0,0,0,0,0
Coleoptera,161,Amara aenea ,Carabidae,I,P,Coleoptera,7.00,6.98,0,0,0,0,0,0,0,0,0,0,0,0,0,0,0,0,0,0,0,0,0,0,0,0,0,0,0,0,0,0,0,0,0,0,0,0,0,0,0,0,0,0,0,0,0,0,0,0,0,0,0,0,0,0,0,0,0,0,1,0,0,9,6,0,2,1,5,3,4,0,0,1,0,0,0,44,0,0,0,17,0,0,4,0,0,0,0,0,0,0,0,2,0,0,0,0
Coleoptera,193,Gabrius nigritulus ,Staphylinidae,I,P,Coleoptera,5.61,3.891,0,0,0,0,0,0,0,0,0,0,0,0,0,0,0,0,0,0,0,0,0,0,0,0,0,0,0,0,0,0,0,0,0,0,0,0,0,0,0,0,0,0,0,0,0,0,0,0,0,0,0,0,0,0,0,0,0,0,0,0,0,0,0,0,0,0,4,0,0,15,4,1,0,0,0,0,0,5,0,0,0,0,1,1,0,0,0,2,0,0,0,0,0,0,0,0
Coleoptera,222,Trechus terrabravensis,Carabidae,E ,P,Coleoptera,3.35,0.997,0,0,0,0,0,0,0,0,0,0,0,0,0,0,0,0,0,0,0,0,7,0,0,0,0,0,0,0,7,0,0,0,0,0,0,0,14,0,0,3,0,0,0,3,0,0,0,4,31,0,0,0,0,13,0,56,0,0,0,0,0,0,0,0,0,0,0,0,0,0,0,0,0,0,0,0,0,0,0,0,0,0,0,0,0,0,0,0,0,0,0,0,0,0,0,0
Coleoptera,225,Epitrix cucumeris,Chrysomelidae,I,H,Coleoptera,1.85,0.208,0,0,0,0,0,0,0,0,0,0,0,0,0,0,0,0,0,0,0,0,0,0,0,0,0,0,0,0,0,0,0,0,0,0,0,0,0,0,0,0,0,0,0,0,0,0,0,0,0,0,0,0,0,0,0,0,0,0,0,6,0,0,0,0,0,0,0,0,0,0,0,0,1,0,0,0,0,0,0,0,0,0,0,0,0,0,0,0,0,0,0,0,0,0,0,0
Coleoptera,231,Carpophilus fumatus ,Nitidulidae,I,S,Coleoptera,3.65,1.251,0,0,0,0,0,0,0,0,0,0,0,0,0,0,0,0,0,0,0,0,0,0,0,0,0,0,0,0,0,0,0,0,0,0,0,0,0,0,0,0,0,0,0,0,0,0,0,0,0,0,0,0,0,0,0,0,0,0,0,0,0,2,0,0,3,0,2,0,0,0,0,0,0,0,0,0,0,0,0,0,0,0,0,0,0,0,0,0,0,0,0,1,0,0,0,0
Coleoptera,237,Xyleborinus alni,Curculionidae,I,H,Coleoptera,3.14,0.841,0,0,0,0,0,0,0,0,0,0,0,7,3,0,1,0,0,0,0,0,0,0,0,0,0,0,0,0,0,0,0,0,0,0,0,0,0,0,0,0,0,0,0,0,0,0,0,0,0,0,0,0,0,0,0,0,0,0,0,0,0,0,0,0,0,0,1,0,0,0,0,1,0,1,0,0,1,0,1,0,0,0,0,5,1,0,0,0,0,0,0,0,0,2,0,0
Coleoptera,244,Alestrus dolosus ,Elateridae,E ,H,Coleoptera,5.48,3.657,0,0,0,0,0,0,0,0,0,0,0,0,0,0,0,18,41,0,0,0,20,0,0,0,0,0,0,0,2,3,0,0,0,0,0,0,0,0,0,2,0,0,0,2,0,0,0,0,1,0,0,0,0,0,0,0,0,0,0,0,0,0,0,0,0,0,0,0,0,0,0,0,0,0,0,0,0,0,0,0,0,0,0,0,0,0,0,0,0,0,0,0,0,0,0,0
Coleoptera,247,Aleochara bipustulata ,Staphylinidae,I,P,Coleoptera,3.00,0.745,0,0,0,0,0,0,0,0,0,0,0,0,1,0,0,0,0,0,0,0,0,0,0,0,0,0,0,0,0,0,0,0,0,0,0,0,0,0,0,0,0,1,0,0,0,0,0,0,0,0,0,0,0,0,0,1,1,0,0,2,1,0,1,13,1,15,5,0,0,0,0,1,0,0,0,1,0,1,1,1,1,1,4,0,0,0,0,3,0,2,1,0,0,0,0,0
Coleoptera,253,Phloeostiba azorica ,Staphylinidae,E ,P,Coleoptera,3.03,0.765,0,0,0,0,0,0,0,0,1,0,0,2,0,0,0,0,0,0,0,0,0,0,0,0,0,0,0,0,0,0,0,0,0,1,0,0,0,0,0,0,0,0,0,0,0,0,0,0,0,0,0,0,0,0,0,0,0,0,0,0,0,0,0,0,0,0,0,0,0,0,0,0,0,0,0,0,0,0,0,0,0,0,0,0,0,0,0,0,0,1,0,0,0,0,0,0
Coleoptera,257,Catops coracinus,Leiodidae,N,S,Coleoptera,3.27,0.936,0,0,0,0,0,0,0,0,2,0,0,0,0,0,1,0,0,0,0,0,1,0,0,0,0,0,0,0,1,0,0,0,0,0,0,0,0,0,0,0,0,0,0,0,0,0,0,0,0,0,0,0,0,1,0,0,0,0,0,0,0,0,0,0,0,0,0,0,0,0,0,0,0,0,0,0,0,0,0,0,0,0,0,0,0,0,0,0,0,0,0,0,0,0,0,0
Coleoptera,258,Agonum marginatum ,Carabidae,I,P,Coleoptera,12.00,28.962,0,0,0,0,0,0,0,0,0,0,0,0,0,0,0,0,0,0,0,0,0,0,0,0,0,0,0,0,0,0,0,0,0,0,0,0,0,0,0,0,0,0,0,0,0,0,0,0,0,0,0,0,0,0,0,0,0,0,0,0,0,0,0,0,0,0,1,0,0,0,0,0,0,0,0,0,0,0,0,0,0,0,0,0,0,0,0,0,0,0,0,0,0,0,0,0
Coleoptera,262,Rugilus orbiculatus,Staphylinidae,N,P,Coleoptera,4.00,1.593,0,0,0,0,0,0,0,0,0,0,0,0,0,0,0,0,0,0,0,0,0,0,0,0,0,0,0,0,0,0,0,0,0,0,0,0,0,0,0,0,0,0,0,0,0,0,0,0,0,0,0,0,0,0,0,0,25,28,1,4,1,3,27,5,0,0,50,0,11,37,23,50,0,1,17,0,3,0,0,5,1,2,15,4,1,2,0,2,0,20,1,0,0,0,0,0
Coleoptera,264,Anotylus nitidifrons ,Staphylinidae,I,P,Coleoptera,2.00,0.256,0,0,0,34,0,0,0,0,0,0,0,4,18,5,1,0,0,0,0,0,0,0,0,0,0,0,0,0,0,0,0,0,0,0,0,0,0,0,0,0,0,0,0,0,0,0,0,0,0,0,0,0,0,0,0,1,0,0,0,0,3,0,0,0,0,0,0,0,0,0,0,1,0,0,0,0,0,0,0,0,0,0,0,3,0,0,0,0,0,0,0,0,0,0,1,0
Coleoptera,265,Xantholinus longiventris,Staphylinidae,I,P,Coleoptera,6.86,6.617,0,0,0,0,0,0,0,0,0,0,0,0,0,0,0,0,0,0,0,0,0,0,0,0,0,0,0,0,0,0,0,0,0,0,0,0,0,0,0,0,0,0,0,0,0,0,0,0,0,0,0,0,0,0,0,1,0,0,0,0,0,2,1,6,0,0,7,0,2,0,0,5,0,0,4,1,0,0,1,1,0,1,4,1,1,3,1,3,0,0,0,1,0,0,0,0
Coleoptera,266,Chaetocnema hortensis ,Chrysomelidae,I,H,Coleoptera,2.01,0.259,0,0,0,0,0,0,0,0,0,0,0,0,0,0,0,0,0,0,0,0,0,0,0,0,0,0,0,0,0,0,0,0,0,0,0,0,0,0,0,0,0,0,0,0,0,0,0,0,0,0,0,0,0,0,0,0,7,3,71,17,7,1,2,9,2,7,1,8,0,0,0,5,0,0,2,2,1,8,39,7,0,0,0,0,2,0,0,0,0,1,0,0,0,0,0,0
Coleoptera,268,Carpophilus sp.1,Nitidulidae,I,S,Coleoptera,2.42,0.423,0,0,0,0,0,0,0,0,0,0,0,0,0,0,0,0,0,0,0,0,0,0,0,0,0,0,0,0,0,0,0,0,0,0,0,0,0,0,0,0,0,0,0,0,0,0,0,0,0,0,0,0,0,0,0,0,0,0,0,0,0,0,0,1,0,0,0,1,0,0,0,0,1,0,0,1,0,0,0,0,0,0,0,0,0,0,0,0,0,1,0,0,0,0,0,0
Coleoptera,277,Otiorhynchus sulcatus ,Curculionidae,I,H,Coleoptera,7.00,6.98,0,0,0,1,0,0,0,0,0,0,0,0,0,0,0,0,0,0,0,0,0,0,0,0,0,0,0,0,0,0,0,0,0,0,0,0,0,0,0,0,0,0,0,0,0,0,0,0,0,0,0,0,0,0,0,0,0,0,0,0,0,0,0,0,0,0,0,0,0,0,0,0,0,0,0,0,0,0,0,0,0,0,0,0,0,0,0,0,0,0,0,0,0,0,0,0
Coleoptera,292,Aeolus melliculus,Elateridae,I,S,Coleoptera,8.00,9.93,0,0,0,0,0,0,0,0,0,0,0,0,0,0,0,0,0,0,0,0,0,0,0,0,0,0,0,0,0,0,0,0,0,0,0,0,0,0,0,0,0,0,0,0,0,0,0,0,0,0,0,0,0,0,0,0,0,0,2,7,0,0,2,0,0,0,0,17,0,0,0,32,0,0,0,0,0,0,0,0,0,0,0,0,0,0,0,0,0,0,0,0,0,0,0,0
Coleoptera,303,Pterostichus aterrimus,Carabidae,N,P,Coleoptera,9.00,13.551,0,0,0,0,0,0,0,0,0,0,0,0,3,0,0,0,0,0,0,0,0,0,0,0,0,0,0,0,0,0,0,0,0,0,0,0,0,0,0,0,0,1,0,0,0,0,0,0,0,0,0,0,0,0,0,0,0,0,0,0,0,0,0,0,1,0,0,0,0,0,0,0,3,0,0,0,0,0,0,0,0,0,0,0,0,0,0,0,0,0,0,0,0,0,0,0
Coleoptera,308,Stelidota geminata ,Nitidulidae,I,S,Coleoptera,2.17,0.317,10,0,0,58,1,1,3,0,0,34,9,1048,0,0,158,0,3,0,0,0,0,0,0,6,0,0,0,3,1,0,1,0,0,0,0,0,0,0,0,0,0,0,0,0,1,0,0,0,2,0,0,0,0,0,0,0,2,2,0,4,0,1,0,0,0,0,4,0,1,0,0,18,0,0,0,0,0,1,0,0,0,0,0,0,2,0,0,0,0,0,0,0,0,0,0,0
Coleoptera,324,Melanotus dichrous,Elateridae,I,S,Coleoptera,12.81,34.412,0,0,0,0,0,0,0,0,0,0,0,0,0,0,0,0,0,0,0,0,0,0,0,0,0,0,0,0,0,0,0,0,0,0,0,0,0,0,0,0,0,0,0,0,0,0,0,0,0,0,0,0,0,0,0,0,0,0,0,0,0,0,0,0,0,0,0,1,0,0,0,0,0,0,0,0,0,0,0,0,0,0,0,0,0,0,0,0,0,0,0,0,0,0,0,0
Coleoptera,328,Litargus balteatus,Mycetophagidae,I,F,Coleoptera,1.89,0.22,0,0,0,0,0,0,0,0,0,0,0,0,0,0,0,0,0,0,0,0,0,0,0,0,0,0,0,0,0,0,0,0,0,0,0,0,0,0,0,0,0,0,0,0,0,0,0,0,0,0,0,0,0,0,0,0,0,1,0,0,0,0,0,0,0,0,0,0,0,0,0,0,0,0,0,0,0,0,0,0,0,0,0,0,0,0,0,0,0,0,0,0,0,0,0,0
Coleoptera,342,Cercyon sp.1,Hydrophilidae,I,S,Coleoptera,2.22,0.337,0,0,0,0,0,0,0,0,0,0,0,0,0,0,0,0,0,0,0,0,0,0,0,0,0,0,0,0,0,0,0,0,0,0,0,0,0,0,0,0,0,0,0,0,0,0,0,0,0,0,0,0,0,0,0,0,0,0,0,0,0,0,0,0,0,0,0,0,0,0,0,0,0,0,0,0,0,0,0,0,0,0,0,0,0,0,0,0,0,1,1,0,0,0,0,0
Coleoptera,343,Quedius simplicifrons ,Staphylinidae,N,P,Coleoptera,11.00,23.018,0,0,0,0,0,0,0,0,0,0,0,0,0,0,0,0,0,0,0,0,0,0,0,0,0,0,0,0,0,0,0,0,0,0,0,0,0,0,0,0,0,0,0,0,0,0,0,0,1,0,0,0,0,0,8,0,0,0,0,0,0,0,0,1,0,0,0,0,0,0,0,0,0,0,2,0,0,0,0,0,0,0,0,0,0,0,0,0,0,0,0,4,0,0,0,0
Coleoptera,344,Sitona discoideus,Curculionidae,I,H,Coleoptera,5.79,4.229,0,0,0,0,0,0,0,0,0,0,0,0,0,0,0,0,0,0,0,0,0,0,0,0,0,0,0,0,0,0,0,0,0,0,0,0,0,0,0,0,0,0,0,0,0,0,0,0,0,0,0,0,0,0,0,0,8,32,0,0,0,6,0,12,14,1,7,10,2,3,4,24,0,0,0,7,2,13,1,7,0,0,21,0,5,0,0,5,0,2,0,0,0,0,2,2
Coleoptera,346,Cedrorum azoricus,Carabidae,E ,P,Coleoptera,15.00,52.199,0,0,0,0,0,0,0,0,0,0,0,0,0,0,0,0,0,0,0,0,11,0,0,0,0,0,0,0,0,0,0,0,0,0,0,0,29,0,0,28,0,5,0,99,0,0,0,27,6,0,0,0,1,1,0,68,0,0,0,0,0,0,0,0,0,0,0,0,0,0,0,0,0,0,0,0,0,0,0,0,0,0,0,0,0,0,0,0,0,0,0,0,0,0,0,0
Coleoptera,354,Orthochaetes insignis ,Curculionidae,N,H,Coleoptera,2.95,0.713,0,0,0,0,0,0,0,0,0,0,0,0,2,0,2,0,0,0,0,0,0,0,0,0,0,0,0,0,0,0,0,0,0,0,0,0,0,0,0,0,0,0,0,0,0,0,0,0,0,0,0,0,0,0,0,0,0,0,0,0,0,0,0,0,0,0,0,0,0,0,0,0,0,0,0,0,0,0,0,0,0,0,0,0,0,0,0,0,0,0,0,0,0,0,0,0
Coleoptera,363,Popillia japonica,Scarabaeidae,I,H,Coleoptera,11.00,23.018,0,0,0,0,0,0,0,0,0,0,0,0,0,0,0,0,0,0,0,0,0,0,0,0,0,0,0,0,0,0,0,0,0,0,0,0,0,0,0,0,0,0,0,0,0,0,0,0,0,0,0,0,0,0,0,0,0,0,0,0,0,1,0,0,0,0,0,0,0,0,0,0,0,0,0,0,0,0,0,0,0,0,0,0,1,1,0,0,0,0,0,0,0,0,0,0
Coleoptera,377,Carpelimus corticinus ,Staphylinidae,N,P,Coleoptera,2.69,0.559,0,0,0,0,1,0,0,0,0,0,0,0,0,0,0,0,0,0,0,0,0,0,0,0,0,0,0,1,0,0,0,0,0,0,0,0,0,0,0,0,0,6,0,0,0,0,0,0,0,0,0,0,0,0,1,0,0,0,0,0,0,0,0,0,0,0,4,0,0,3,3,0,0,0,0,0,0,0,0,0,0,0,0,0,5,0,0,0,0,1,2,0,0,0,0,0
Coleoptera,385,Calosoma olivieri,Carabidae,N,P,Coleoptera,23.00,161.341,0,0,0,0,0,0,0,0,0,0,0,0,0,0,0,0,0,0,0,0,0,0,0,0,0,0,0,0,0,0,0,0,0,0,0,0,0,0,0,0,0,0,0,0,0,0,0,0,0,0,0,0,0,0,0,0,6,1,2,0,0,0,1,4,1,0,16,0,1,1,0,0,0,2,2,0,0,32,0,8,0,1,7,1,0,0,0,2,0,0,0,0,0,0,1,4
Coleoptera,386,Sitona puberulus,Curculionidae,I,H,Coleoptera,6.00,4.646,0,0,0,0,0,0,0,0,0,0,0,0,0,0,0,0,0,0,0,0,0,0,0,0,0,0,0,0,0,0,0,0,0,0,0,0,0,0,0,0,0,0,0,0,0,0,0,0,0,0,0,0,0,0,0,0,0,0,0,0,0,0,0,0,0,0,0,0,0,0,0,0,0,0,0,0,0,0,0,0,0,0,0,0,0,1,0,0,0,0,0,0,0,0,2,0
Coleoptera,395,Psylliodes marcidus ,Chrysomelidae,N,H,Coleoptera,2.56,0.49,0,0,0,0,0,0,0,0,0,0,0,0,0,0,0,0,0,0,0,0,0,0,0,0,0,0,0,0,0,0,0,0,0,0,0,0,0,0,0,0,0,0,0,0,0,0,0,0,0,0,0,0,0,0,0,0,6,1,0,1,9,1,2,0,0,0,0,5,0,1,0,1,6,2,0,0,1,1,0,0,0,1,0,0,0,0,0,0,0,0,0,0,0,0,0,0
Coleoptera,439,Atheta dryochares,Staphylinidae,E ,P,Coleoptera,2.10,0.291,0,0,0,0,0,0,0,0,0,0,0,0,0,0,0,0,0,0,0,0,0,0,0,0,0,0,0,1,0,0,0,0,0,0,0,0,0,0,0,0,0,0,0,0,0,0,0,0,0,0,0,0,0,1,0,0,0,0,0,0,0,0,0,0,0,0,0,0,0,0,0,0,0,0,0,0,0,0,0,0,0,0,0,0,0,0,0,0,0,0,0,0,0,0,0,0
Coleoptera,462,Phenolia limbata,Nitidulidae,I,S,Coleoptera,5.95,4.545,0,0,0,3,0,0,0,0,0,0,0,0,0,0,0,0,0,0,0,0,0,0,0,0,0,0,0,0,0,0,0,0,0,0,0,0,0,0,0,0,0,0,0,0,0,0,0,0,0,0,0,0,0,0,0,0,0,0,0,0,0,0,0,0,0,0,0,0,0,0,0,0,0,0,0,0,0,0,0,0,0,0,0,0,0,0,0,0,0,0,0,0,0,0,0,0
Coleoptera,475,Habrocerus capillaricornis  ,Staphylinidae,N,P,Coleoptera,3.89,1.48,0,0,0,0,0,0,0,0,0,0,0,0,0,0,0,0,0,0,0,0,0,0,0,0,0,0,0,0,0,0,0,0,0,0,0,0,0,0,0,0,0,0,0,0,1,0,0,0,0,0,0,1,0,0,0,0,0,0,0,0,0,0,0,0,0,0,0,0,0,0,0,0,0,0,0,0,0,0,0,0,0,0,0,0,0,0,0,0,0,0,0,0,0,0,0,0
Coleoptera,504,Pseudoplectus perplexus ,Staphylinidae,N,S,Coleoptera,0.92,0.033,0,0,0,0,0,1,0,0,0,0,0,0,0,0,0,0,0,0,0,0,0,0,0,0,0,0,0,0,0,0,0,0,0,0,0,0,0,0,0,0,0,0,0,0,0,0,0,0,0,0,0,0,0,0,0,0,0,0,0,0,0,0,0,0,0,0,1,0,0,0,0,0,0,0,0,0,0,0,0,0,0,0,1,0,1,1,0,0,0,0,0,0,0,0,1,0
Coleoptera,523,Sphenophorus abbreviatus ,Dryophthoridae ,I,H,Coleoptera,10.45,20.103,0,0,0,0,0,0,0,1,0,0,0,0,0,0,0,0,0,0,0,0,0,0,0,0,0,0,0,0,0,0,0,0,0,0,0,0,0,0,0,0,0,0,0,0,0,0,0,0,0,0,0,0,0,0,0,0,0,0,3,0,0,2,0,6,0,1,7,0,0,2,2,4,0,0,0,0,2,1,0,1,0,0,2,1,3,0,0,0,0,1,3,0,0,0,0,3
Coleoptera,540,Heteroderes azoricus ,Elateridae,E ,S,Coleoptera,9.50,15.631,0,0,0,0,0,0,0,0,0,0,0,0,0,0,0,0,0,0,0,0,0,0,0,0,0,0,0,0,0,0,0,0,0,0,0,0,0,0,0,0,0,0,0,0,0,0,0,0,0,0,0,0,0,0,0,0,0,0,15,49,45,145,204,27,77,0,0,5,0,0,0,25,3,143,0,142,0,0,42,2,0,0,0,0,0,0,0,0,0,0,0,0,0,0,0,0
Coleoptera,541,Hirticollis quadriguttatus ,Anthicidae,N,S,Coleoptera,2.61,0.516,0,0,0,0,0,0,0,0,0,0,0,0,0,0,0,0,0,0,0,0,0,0,0,0,0,0,0,0,0,0,0,0,0,0,0,0,0,0,0,0,0,0,0,0,0,0,0,0,0,0,0,0,0,0,0,0,0,0,160,50,589,3,8,9,46,0,0,247,0,0,0,0,16,0,0,4,5,0,151,0,0,0,0,0,0,0,0,0,0,0,0,0,0,0,0,0
Coleoptera,551,Scopaeus sp.,Staphylinidae,N,P,Coleoptera,2.29,0.365,0,0,0,0,0,0,0,0,0,0,0,0,0,0,0,0,0,0,0,0,0,0,0,0,0,0,0,0,0,0,0,0,0,0,0,0,0,0,0,0,0,0,0,0,0,0,0,0,0,0,0,0,0,0,0,0,0,0,0,0,0,0,0,0,0,0,0,0,0,0,0,0,0,0,0,0,0,0,0,0,0,0,0,0,0,0,0,0,0,0,0,1,0,0,0,0
Coleoptera,569,Gyrohypnus fracticornis ,Staphylinidae,I,P,Coleoptera,6.00,4.646,0,0,0,0,0,0,0,0,0,0,0,0,0,0,0,0,0,0,0,0,0,0,0,0,0,0,0,0,0,0,0,0,0,0,0,0,0,0,0,0,0,0,0,0,0,0,0,0,0,0,0,0,0,0,0,0,0,0,0,0,0,0,0,0,0,0,21,0,0,0,0,1,0,0,0,0,0,2,3,0,0,0,7,0,0,0,0,0,0,0,0,0,0,0,0,0
Coleoptera,570,Meligethes aeneus ,Nitidulidae,I,H,Coleoptera,2.51,0.466,0,0,0,0,0,0,0,0,0,0,0,0,0,0,0,0,0,0,0,0,0,0,0,0,0,0,0,0,0,0,0,0,0,0,0,0,0,0,0,0,0,0,0,0,0,0,0,0,0,0,0,0,0,0,0,0,0,0,0,0,0,0,0,0,0,0,0,0,0,0,0,0,0,0,0,0,0,2,0,0,0,0,0,0,0,0,0,0,0,0,0,0,0,0,0,0
Coleoptera,646,Scymnus interruptus,Coccinellidae,N,P,Coleoptera,2.00,0.256,0,0,0,0,0,0,0,0,0,0,0,0,0,0,0,0,0,0,0,0,0,0,0,0,0,0,0,0,0,0,0,0,0,0,0,0,0,0,0,0,0,0,0,0,0,0,0,0,0,0,0,0,0,0,0,0,0,0,4,0,0,0,0,0,1,0,0,0,0,0,0,0,0,0,0,0,0,0,0,0,0,0,0,0,0,0,0,0,0,0,0,0,0,0,0,0
Coleoptera,661,Gen. sp.2,Phalacridae,I,S,Coleoptera,1.34,0.089,0,0,0,0,0,0,0,0,0,0,0,0,0,0,0,0,0,0,0,0,0,0,0,0,0,0,0,0,0,0,0,0,0,0,0,0,0,0,0,0,0,0,0,0,0,0,0,0,0,0,0,0,0,0,0,0,0,0,1,1,0,2,3,0,0,1,0,0,0,0,0,5,0,0,0,0,0,1,0,0,0,0,8,0,1,0,0,0,0,1,0,0,0,0,0,1
Coleoptera,673,Gymnetron pascuorum ,Curculionidae,I,H,Coleoptera,2.44,0.432,0,0,0,0,0,0,0,0,0,0,0,0,0,0,0,0,0,0,0,0,0,0,0,0,0,0,0,0,0,0,0,0,0,0,0,0,0,0,0,0,0,0,0,0,0,0,0,0,0,0,0,0,0,0,0,0,0,0,0,0,1,0,0,0,0,0,0,1,0,0,0,0,0,0,0,0,0,0,0,0,0,0,0,0,0,0,0,0,0,0,0,0,0,0,0,0
Coleoptera,682,Onthophagus taurus ,Scarabaeidae,I,S,Coleoptera,7.82,9.351,0,0,0,0,0,0,0,0,0,0,0,0,0,0,0,0,0,0,0,0,0,0,0,0,0,0,0,0,0,0,0,0,0,0,0,1,0,0,0,0,0,0,0,0,0,0,0,0,0,0,0,0,0,0,0,0,0,0,2,0,0,0,0,0,0,2,2,0,2,1,0,0,0,0,0,0,0,3,0,4,0,0,6,0,0,0,0,0,0,3,0,0,0,0,13,0
Coleoptera,685,Stenolophus teutonus ,Carabidae,N,P,Coleoptera,7.00,6.98,0,0,0,0,0,0,0,0,0,0,0,0,0,0,0,0,0,0,0,0,0,0,0,0,0,0,0,0,0,0,0,0,0,0,0,0,0,0,0,0,0,0,0,0,0,0,0,0,0,0,0,0,0,0,0,0,0,0,0,0,0,0,0,1,0,0,0,0,0,0,1,0,0,0,0,0,0,0,0,0,0,0,0,0,0,0,0,0,0,0,0,0,0,0,0,0
Coleoptera,702,Longitarsus kutscherae ,Chrysomelidae,I,H,Coleoptera,2.54,0.48,0,0,0,0,0,0,0,0,0,0,0,0,0,0,0,0,0,0,0,0,0,0,0,0,0,0,0,0,0,0,0,0,0,0,0,0,0,0,0,0,0,0,0,0,0,0,0,0,0,0,0,0,0,0,0,0,0,0,0,0,0,0,0,0,0,0,0,1,0,0,0,0,0,0,0,0,0,0,0,0,0,0,1,0,0,0,0,0,0,0,0,0,0,0,0,0
Coleoptera,705,Gen. sp.1,Laemophloeidae,I,P,Coleoptera,1.65,0.154,0,0,0,0,0,0,0,0,0,0,0,0,0,0,0,0,0,0,0,0,0,0,0,0,0,0,0,0,0,0,0,0,0,0,0,0,0,0,0,0,0,0,0,0,0,0,0,0,0,0,0,0,0,2,1,0,0,0,0,0,0,0,0,0,0,0,0,0,0,0,0,0,0,0,0,0,0,0,0,0,0,0,0,0,0,0,0,0,0,0,0,0,0,0,0,0
Coleoptera,707,Cryptophagus sp.5,Cryptophagidae,I,S,Coleoptera,1.47,0.113,0,0,0,0,0,0,0,0,0,0,0,0,0,0,0,0,0,0,0,0,0,0,0,0,0,0,0,1,0,0,0,0,0,0,0,0,0,0,0,0,0,0,0,0,0,0,0,0,0,0,0,0,0,0,0,0,0,0,0,0,0,0,0,0,0,0,0,0,0,0,0,0,0,0,0,0,0,0,0,0,0,0,0,0,0,0,0,0,0,0,0,0,0,0,0,0
Coleoptera,734,Chrysolina bankii ,Chrysomelidae,N,H,Coleoptera,10.00,17.897,0,0,0,0,0,0,0,0,0,0,0,0,0,0,0,0,0,0,0,0,0,0,0,0,0,0,0,0,0,0,0,0,0,0,0,0,0,0,0,0,0,0,0,0,0,0,0,0,0,0,0,0,0,0,0,0,0,0,0,0,0,0,0,0,0,0,0,0,0,0,0,0,0,0,0,0,0,0,0,0,0,0,0,0,0,0,0,0,0,0,0,1,0,0,0,0
Coleoptera,748,Pantomorus cervinus  ,Curculionidae,I,H,Coleoptera,9.75,16.74,0,0,0,0,0,0,0,0,0,0,0,0,0,0,0,0,0,0,0,0,0,0,0,0,0,0,0,0,0,0,0,0,0,0,0,0,0,0,0,0,0,0,0,0,0,0,0,0,0,0,0,0,0,0,0,0,0,0,0,0,0,0,0,0,0,0,0,0,0,0,0,0,0,0,0,0,0,0,0,0,0,1,0,0,0,0,0,0,0,0,0,0,0,0,0,0
Coleoptera,764,Harpalus distinguendus,Carabidae,I,P/H,Coleoptera,9.00,13.551,0,0,0,0,0,0,0,0,0,0,0,0,0,0,0,0,0,0,0,0,0,0,0,0,0,0,0,0,0,0,0,0,0,0,0,0,0,0,0,0,0,0,0,0,0,0,0,0,0,0,0,0,0,0,0,0,0,0,0,0,0,0,0,0,0,0,0,4,0,0,0,0,0,0,0,0,0,0,0,0,0,0,0,0,0,0,0,0,0,0,0,0,0,0,0,0
Coleoptera,767,Oligota pumilio,Staphylinidae,N,P,Coleoptera,1.00,0.041,0,0,0,0,0,0,0,0,0,0,0,0,0,0,0,0,0,0,0,0,0,0,0,0,0,0,0,0,0,0,0,0,0,0,0,0,0,0,0,0,0,0,0,0,0,0,0,0,0,0,0,0,0,0,0,0,1,0,10,3,1,0,0,0,1,0,1,0,0,0,0,0,0,0,0,1,0,0,0,0,0,1,0,1,0,0,0,0,0,0,0,0,0,0,0,0
Coleoptera,769,Heteroderes vagus,Elateridae,I,S,Coleoptera,6.55,5.857,0,0,0,0,0,0,0,0,0,0,0,0,0,0,0,0,0,0,0,0,0,0,0,0,0,0,0,0,0,0,0,0,0,0,0,0,0,0,0,0,0,0,0,0,0,0,0,0,0,0,0,0,0,0,0,0,1,6,10,0,0,0,0,13,1,2,0,2,0,0,0,0,0,3,0,40,2,0,18,0,0,0,0,0,0,0,0,0,0,0,0,0,0,0,0,0
Coleoptera,771,Astenus lyonessius ,Staphylinidae,N,P,Coleoptera,4.13,1.733,0,0,0,0,0,0,0,0,0,0,0,0,0,0,0,0,0,0,0,0,0,0,0,0,0,0,0,0,0,0,0,0,0,0,0,0,0,0,0,0,0,0,0,0,0,0,0,0,0,0,0,0,0,0,0,0,0,0,0,0,1,0,1,0,2,0,0,0,0,0,0,0,0,0,0,0,0,0,0,0,0,0,0,0,0,1,0,0,0,0,0,0,1,0,1,0
Coleoptera,772,Gen. sp.1,Scarabaeidae,I,S,Coleoptera,4.19,1.801,0,0,0,0,0,0,0,0,0,0,0,0,0,0,0,0,0,0,0,0,0,0,0,0,0,0,0,0,0,0,0,0,0,0,0,0,0,0,0,0,0,0,0,0,0,0,0,0,0,0,0,0,0,0,0,0,0,0,0,0,0,1,0,0,0,0,0,0,4,0,0,0,0,0,0,0,0,0,0,1,0,0,0,0,0,0,0,0,0,0,0,0,0,0,0,0
Coleoptera,777,Gen. sp.2,Anthicidae,I,S,Coleoptera,2.63,0.527,0,0,0,0,0,0,0,0,0,0,0,0,0,0,0,0,0,0,0,0,0,0,0,0,0,0,0,0,0,0,0,0,0,0,0,0,0,0,0,0,0,0,0,0,0,0,0,0,0,0,0,1,0,0,0,0,0,0,0,0,0,0,0,4,0,0,0,0,0,0,0,0,0,0,0,0,0,0,0,0,0,0,0,0,0,0,0,0,0,0,0,0,0,0,0,0
Coleoptera,814,Atheta sp.5,Staphylinidae,I,P,Coleoptera,1.62,0.147,0,0,0,0,0,0,0,0,0,0,0,0,0,0,0,0,0,0,0,0,0,0,0,0,0,0,0,0,0,0,0,0,0,0,0,0,0,0,0,0,0,0,0,0,0,0,0,0,0,0,0,0,0,0,0,0,0,0,0,0,0,0,0,0,0,0,0,0,0,3,5,0,0,0,0,0,0,0,0,0,0,0,0,0,0,0,0,0,0,0,0,0,0,0,0,0
Coleoptera,823,Coproporus pulchellus ,Staphylinidae,I,P,Coleoptera,2.61,0.516,0,0,0,0,0,0,0,0,0,1,0,0,0,0,0,0,0,0,0,0,0,0,0,0,0,0,0,0,0,0,0,0,0,0,0,0,0,0,0,0,0,0,0,0,0,0,0,0,0,0,0,0,0,0,0,0,0,0,0,0,0,0,0,0,0,0,0,0,0,0,0,0,0,0,0,0,0,0,0,0,0,0,0,0,0,0,0,0,0,0,0,0,0,0,0,0
Coleoptera,825,Atheta atramentaria ,Staphylinidae,I,P,Coleoptera,3.08,0.799,0,0,0,0,0,0,0,0,0,0,0,0,0,0,0,0,0,0,0,0,0,0,0,0,0,0,0,0,0,0,0,0,0,0,0,0,0,0,0,0,0,0,0,0,0,0,0,0,0,0,0,0,0,0,0,0,0,0,0,0,0,0,0,0,0,0,0,0,0,0,0,0,0,0,0,0,0,0,0,0,0,0,0,0,0,0,0,0,0,2,0,0,0,0,0,0
Coleoptera,828,Carpophilus hemipterus ,Nitidulidae,I,S,Coleoptera,3.22,0.899,0,0,0,0,0,0,0,0,0,0,0,0,0,0,0,0,0,0,0,0,0,0,0,0,0,0,0,0,0,0,0,0,0,0,0,0,0,0,0,0,0,0,0,0,0,0,0,0,0,0,0,0,0,0,0,0,0,0,0,0,0,0,0,1,0,0,0,0,1,0,0,1,0,1,0,0,0,2,0,0,0,0,0,0,0,0,0,0,0,0,0,0,0,0,0,0
Coleoptera,832,Paraphloeostiba gayndahensis ,Staphylinidae,I,P,Coleoptera,2.10,0.291,0,0,0,0,0,1,0,0,0,0,0,0,0,0,1,0,0,0,0,0,0,0,0,0,0,0,0,0,0,0,0,0,0,0,0,0,0,0,0,0,0,0,0,0,0,0,0,0,0,0,0,0,0,0,0,0,0,0,0,0,0,0,0,0,0,0,0,0,0,0,0,0,0,0,0,0,0,0,0,0,0,0,0,0,0,0,0,0,0,0,0,0,0,0,0,0
Coleoptera,837,Gen. sp.1,Hydrophilidae,I,S,Coleoptera,3.66,1.26,0,0,0,0,0,0,0,0,0,0,0,0,0,0,0,0,0,0,0,0,0,0,0,0,0,0,0,0,0,0,0,0,0,0,0,0,0,0,0,0,0,0,0,0,0,0,0,0,0,0,0,0,0,0,0,0,0,0,0,0,0,0,0,0,0,0,0,0,0,2,0,0,0,0,0,0,0,0,0,0,0,0,0,0,0,0,0,0,0,0,0,0,0,0,0,0
Coleoptera,885,Anotylus nitidulus ,Staphylinidae,I,P,Coleoptera,5.00,2.871,0,0,0,0,0,0,0,0,0,0,0,0,0,0,0,0,0,0,0,0,0,0,0,0,0,0,0,0,0,0,0,0,0,0,0,0,0,0,0,0,0,0,0,0,0,0,0,0,0,0,0,0,0,0,0,0,0,0,0,0,0,1,0,0,0,0,0,0,0,0,0,0,0,0,0,0,0,0,0,0,0,0,0,0,0,0,0,0,0,0,0,0,0,0,0,0
Coleoptera,888,Gen. sp.1,Ptiliidae,I,S,Coleoptera,1.01,0.042,0,0,0,0,0,0,0,0,0,0,0,0,0,0,0,0,0,0,0,0,0,0,0,0,0,0,0,0,0,0,0,0,0,0,0,0,0,0,0,0,0,0,0,0,0,0,0,0,0,0,0,0,0,0,0,0,10,5,0,0,0,0,0,0,0,0,0,0,0,12,28,0,0,0,0,0,0,0,0,0,0,0,0,0,0,0,0,0,0,0,0,0,0,0,0,0
Coleoptera,905,Coccinella undecimpunctata,Coccinellidae,I,P,Coleoptera,4.54,2.225,0,0,0,0,0,0,0,0,0,0,0,0,0,0,0,0,0,0,0,0,0,0,0,0,0,0,0,0,0,0,0,0,0,0,0,0,0,0,0,0,0,0,0,0,0,0,0,0,0,0,0,0,0,0,0,0,0,0,0,0,0,0,0,0,0,0,0,0,0,0,0,0,0,0,0,0,0,1,0,0,0,0,0,0,0,0,0,0,0,0,0,0,0,0,0,0
Coleoptera,935,Sitona cinnamomeus,Curculionidae,I,H,Coleoptera,4.27,1.893,0,0,0,0,0,0,0,0,0,0,0,0,0,0,0,0,0,0,0,0,0,0,0,0,0,0,0,0,0,0,0,0,0,0,0,0,0,0,0,0,0,0,0,0,0,0,0,0,0,0,0,0,0,0,0,0,0,0,1,0,0,105,11,0,18,19,0,0,10,0,0,0,0,2,1,22,9,0,0,30,0,3,0,1,0,9,0,0,0,0,0,0,0,0,0,1
Coleoptera,949,Tychius picirostris ,Curculionidae,I,H,Coleoptera,2.00,0.256,0,0,0,0,0,0,0,0,0,0,0,0,0,0,0,0,0,0,0,0,0,0,0,0,0,0,0,0,0,0,0,0,0,0,0,0,0,0,0,0,0,0,0,0,0,0,0,0,0,0,0,0,0,0,0,0,1,0,0,0,0,0,1,0,5,0,0,0,0,0,0,0,0,0,0,0,0,0,0,0,0,0,1,0,0,0,0,0,0,0,0,0,0,0,0,0
Coleoptera,961,Sitona lepidus,Curculionidae,I,H,Coleoptera,4.74,2.494,0,0,0,0,0,0,0,0,0,0,0,0,0,0,0,0,0,0,0,0,0,0,0,0,0,0,0,0,0,0,0,0,0,0,0,0,0,0,0,0,0,0,0,0,0,0,0,0,0,0,0,0,0,0,0,0,0,0,0,2,0,0,0,0,0,0,0,0,0,0,0,0,0,0,0,0,0,0,0,0,0,0,0,0,0,0,0,0,0,29,0,0,0,0,0,0
Coleoptera,963,Cryptophagus sp.8,Cryptophagidae,I,S,Coleoptera,1.64,0.151,0,0,0,0,0,0,0,0,0,0,0,0,0,0,0,0,0,0,0,0,0,0,0,0,0,0,0,0,0,0,0,0,0,0,0,0,0,0,0,0,0,0,0,0,0,0,0,0,0,0,0,0,0,0,0,0,0,0,0,0,0,0,1,0,0,0,0,0,0,0,0,0,0,0,0,1,0,0,0,0,1,0,0,0,0,0,0,0,0,0,0,0,0,0,0,0
Coleoptera,980,Cryptophagus sp.9,Cryptophagidae,I,S,Coleoptera,2.20,0.329,0,0,0,1,0,0,0,0,0,0,0,0,0,0,0,0,0,0,0,0,0,0,0,0,0,0,0,0,0,0,0,0,0,0,0,0,0,0,0,0,0,0,0,0,0,0,0,0,0,0,0,0,0,0,0,0,0,0,1,1,1,0,0,1,0,0,0,0,0,0,0,0,0,0,0,0,0,0,1,0,0,0,0,0,0,0,0,0,0,0,0,1,0,0,0,0
Coleoptera,981,Euplectus infirmus ,Staphylinidae,I,S,Coleoptera,1.19,0.065,0,0,0,1,0,0,0,0,0,0,0,0,0,0,0,0,0,0,0,0,0,0,0,0,0,0,0,0,0,0,0,0,0,0,0,0,0,0,0,0,0,0,0,0,0,0,0,0,0,0,0,0,0,0,0,0,0,0,0,0,0,0,0,0,0,0,0,0,0,0,0,0,0,0,0,0,0,0,0,0,0,0,0,0,0,0,0,0,0,0,0,0,0,0,0,0
Coleoptera,1005,Cercyon sp.2,Hydrophilidae,I,S,Coleoptera,2.43,0.427,0,0,0,0,0,0,0,0,0,0,0,0,0,0,0,0,0,0,0,0,0,0,0,0,0,0,0,0,0,0,0,0,0,0,0,0,0,0,0,0,0,0,0,0,0,0,0,0,0,0,0,0,0,0,0,0,0,0,0,0,0,0,0,0,0,0,0,0,0,0,0,0,0,0,0,0,0,0,0,0,0,0,0,0,0,0,0,0,0,1,0,0,0,0,0,0
Coleoptera,1016,Onthophagus vacca ,Scarabaeidae,I,S,Coleoptera,10.33,19.499,0,0,0,0,0,0,0,0,0,0,0,0,0,0,0,0,0,0,0,0,0,0,0,0,0,0,0,0,0,0,0,0,0,0,0,0,0,0,0,0,0,0,0,0,0,0,0,0,0,0,0,0,0,0,0,0,7,3,1,0,0,0,0,0,0,0,0,0,0,0,0,0,0,0,0,0,0,0,0,0,0,0,0,0,0,0,0,0,0,0,0,0,0,0,0,0
Coleoptera,1040,Blaps lethifera,Tenebrionidae,I,S,Coleoptera,19.00,97.43,0,0,0,0,0,0,0,0,0,0,0,0,0,0,0,0,0,0,0,0,0,0,0,0,0,0,0,0,0,0,0,0,0,0,0,0,0,0,0,0,0,0,0,0,0,0,0,0,0,0,0,0,0,0,0,0,0,0,0,0,1,0,0,0,0,0,0,0,0,0,0,0,0,0,0,0,0,0,0,0,0,0,0,0,0,0,0,0,0,0,0,0,0,0,0,0
Coleoptera,1043,Philonthus sp. 3,Staphylinidae,I,P,Coleoptera,8.15,10.429,0,0,0,0,0,0,0,0,0,0,0,0,0,0,0,0,0,0,0,0,0,0,0,0,0,0,0,0,0,0,0,0,0,0,0,0,0,0,0,0,0,0,0,0,0,0,0,0,0,0,0,0,0,0,0,0,0,0,0,0,0,0,0,0,0,0,0,0,0,0,0,0,0,0,1,0,0,0,0,0,0,0,0,0,0,0,0,0,0,0,0,0,0,0,0,0
Coleoptera,1068,Enochrus fuscipennis ,Hydrophilidae,I,S,Coleoptera,5.25,3.266,0,0,0,0,0,0,0,0,0,0,0,0,0,0,0,0,0,0,0,0,0,0,0,0,0,0,0,0,0,0,0,0,0,0,0,0,0,0,0,0,0,0,0,0,0,0,0,0,0,0,0,0,0,0,0,0,0,0,0,0,0,0,0,0,0,0,0,0,0,0,0,0,0,0,0,0,0,0,0,0,0,0,0,0,0,0,0,0,0,0,1,0,0,0,0,0
Coleoptera,1168,Drouetius azoricus,Curculionidae,E ,H,Coleoptera,7.60,8.672,0,0,0,0,0,0,0,0,0,0,1,1,0,0,0,0,0,0,0,0,0,0,0,0,0,0,0,0,0,0,0,0,0,0,0,0,0,0,0,0,0,0,0,0,0,0,0,0,0,0,0,0,0,0,0,0,0,0,0,0,0,0,0,0,0,0,0,0,0,0,0,0,0,0,0,0,0,0,0,0,0,0,0,0,0,0,0,0,0,0,0,0,0,0,0,0
Coleoptera,1171,Gen. sp.2,Carabidae,I,P,Coleoptera,6.89,6.694,0,0,0,0,0,0,0,0,0,0,0,0,0,0,0,0,0,0,0,0,0,0,0,0,0,0,0,0,0,0,0,0,0,0,0,0,0,0,0,0,0,0,0,0,0,0,0,0,0,0,0,0,0,0,0,0,0,0,0,0,0,0,0,0,0,0,1,0,0,0,0,0,0,0,0,0,0,0,0,0,0,0,0,0,0,0,0,0,0,0,0,0,0,0,0,0
Dermaptera,56,Forficula auricularia,Forficulidae,I,P,Dermaptera,16.00,24.372,0,0,0,2,0,0,0,0,0,0,0,0,0,0,0,0,0,0,0,0,0,0,0,0,0,0,0,0,0,0,0,0,0,0,0,0,0,0,0,0,0,0,0,0,0,0,0,0,0,0,0,0,0,0,0,0,0,0,10,1,15,6,12,0,17,6,16,108,0,0,0,32,8,18,0,23,8,0,21,0,0,4,0,0,0,0,0,0,0,1,0,0,0,0,7,0
Dermaptera,352,Euborellia annulipes ,Anisolabididae,I,P,Dermaptera,14.64,17.864,0,0,0,0,0,0,0,0,0,0,0,0,0,0,1,0,0,0,0,0,0,0,0,0,0,0,0,0,0,0,0,0,0,0,0,0,0,0,0,0,0,0,0,0,0,0,0,0,0,0,0,0,0,0,0,0,2,29,0,1,0,7,0,0,0,0,6,0,0,0,0,0,0,0,0,0,0,0,0,0,0,6,0,0,0,0,0,0,0,0,0,0,0,0,0,0
Geophilomorpha,26,Geophilus truncorum,Geophilidae,N,P,Chilopoda,13.78,3.532,0,0,0,0,0,0,0,0,0,1,1,0,0,0,0,0,0,0,0,0,0,0,0,0,0,0,0,0,1,1,0,0,0,0,0,0,0,0,0,0,0,0,0,0,0,0,0,0,0,1,0,2,1,0,0,0,0,0,0,0,0,0,0,0,0,0,0,0,0,0,0,0,0,0,0,0,0,0,0,0,0,0,0,0,0,0,0,0,0,0,0,0,0,0,0,0
Hemiptera,7,Cixius azoterceirae,Cixiidae,E ,H,Homoptera - non aphid,5.00,2.422,0,0,0,0,0,0,0,0,0,0,1,0,0,2,2,0,2,1,1,0,0,1,2,0,0,0,0,1,1,2,0,0,0,0,0,2,1,3,0,3,0,0,0,1,0,0,1,2,3,0,0,0,0,0,1,0,0,0,0,0,0,0,0,0,0,0,0,0,0,0,0,0,0,0,0,0,0,0,0,0,0,0,0,0,0,0,0,0,0,0,0,0,0,0,0,0
Hemiptera,8,Aphrodes hamiltoni,Cicadellidae,E ,H,Homoptera - non aphid,4.68,2.073,0,2,0,0,0,0,0,1,0,0,0,0,0,3,0,1,1,0,2,0,1,0,0,0,19,0,0,1,0,0,0,1,0,6,1,2,0,1,1,2,3,6,7,1,12,0,0,3,1,6,11,6,6,5,1,7,0,0,0,0,0,0,0,0,0,0,0,0,0,0,0,0,0,0,0,0,0,0,0,0,0,0,0,0,0,0,0,0,0,0,0,1,2,0,0,0
Hemiptera,14,Gen. sp.1,Aleyrodidae,N,H,Homoptera - non aphid,1.20,0.084,0,0,0,0,0,0,0,0,0,0,0,0,0,0,0,0,0,0,0,0,0,0,0,0,0,0,0,0,0,0,0,0,1,0,0,0,0,0,0,0,0,0,0,0,0,0,0,0,0,0,0,0,0,0,0,0,0,0,0,0,0,0,0,0,0,0,0,0,0,0,0,0,0,0,0,0,0,0,0,0,0,0,0,0,0,0,0,0,0,0,0,0,0,0,0,0
Hemiptera,60,Rhopalosiphonimus latysiphon ,Aphididae,I,H,Aphidae,1.18,0.08,0,0,0,0,0,0,0,0,0,0,0,1,0,0,0,0,0,0,0,0,0,0,0,0,0,0,0,0,0,0,0,0,0,0,0,0,0,0,0,0,0,0,0,0,0,0,0,0,0,0,0,0,0,0,0,0,0,0,0,0,0,0,0,0,0,0,0,0,0,0,0,0,0,0,0,0,0,0,0,0,0,0,0,0,0,0,0,0,0,0,0,0,0,0,0,0
Hemiptera,101,Geotomus punctulatus  ,Cydnidae,N,H,Heteroptera,4.61,2.074,0,0,0,0,0,0,0,0,0,0,0,0,0,0,0,0,0,0,0,0,0,0,0,0,0,0,0,0,0,0,0,0,0,0,0,0,0,0,0,0,0,0,0,0,0,0,0,0,0,0,0,0,0,0,0,0,0,0,1,0,0,0,0,1,0,1,0,4,0,0,0,0,0,0,0,0,0,0,0,0,0,0,0,0,0,0,0,0,0,0,0,0,0,0,0,0
Hemiptera,118,Scolopostethus decoratus ,Lygaeidae,N,H,Heteroptera,4.71,2.197,0,0,0,0,0,0,0,0,0,0,0,1,1,0,1,0,0,0,0,0,0,0,0,0,2,2,5,0,0,0,0,0,0,0,0,0,0,0,0,0,0,0,0,0,0,0,0,0,0,0,0,0,0,0,0,0,1,0,0,0,1,0,0,0,0,0,0,0,0,0,0,0,0,0,0,0,0,1,0,0,0,0,0,0,0,1,0,0,0,0,0,0,0,0,0,0
Hemiptera,124,Cyphopterum adcendens ,Flatidae,N,H,Homoptera - non aphid,5.00,2.422,0,0,0,0,0,0,0,0,0,0,1,0,0,0,0,0,0,0,0,0,0,0,0,0,0,0,0,0,0,0,1,0,0,0,0,0,0,0,0,0,0,0,0,0,0,0,0,0,0,0,0,0,0,0,0,0,0,0,0,0,0,0,0,0,0,0,0,0,0,0,0,0,0,0,0,0,0,0,0,0,0,0,0,0,0,0,0,0,1,0,0,0,0,0,0,0
Hemiptera,156,Gen. sp.4,Coccidae,I,H,Homoptera - non aphid,0.53,0.012,0,0,0,0,0,0,0,0,0,0,0,0,0,0,0,2,0,0,0,0,0,0,0,0,4,3,3,0,3,0,0,0,0,0,0,0,0,0,0,0,0,0,0,0,0,0,0,0,0,0,0,0,0,0,0,0,0,0,0,0,0,0,0,0,0,0,0,0,0,0,0,0,0,0,0,0,0,0,0,0,0,0,0,0,0,0,0,0,0,0,0,5,0,4,0,0
Hemiptera,157,Muellerianella sp.1,Delphacidae,N,H,Homoptera - non aphid,3.02,0.739,0,0,0,0,0,0,0,0,0,0,0,0,0,0,0,0,0,0,0,0,0,0,0,0,0,0,0,0,0,0,0,0,0,0,0,0,0,0,0,0,0,0,0,0,0,0,0,0,0,0,0,0,0,0,0,0,0,0,0,0,2,0,0,0,0,0,0,0,0,0,0,0,0,0,0,0,0,0,0,0,0,0,0,0,0,0,0,0,0,0,0,0,0,0,0,0
Hemiptera,159,Acalypta parvula ,Tingidae,N,H,Heteroptera,1.86,0.181,0,0,0,0,0,0,0,0,0,0,0,0,0,0,0,0,0,0,0,0,0,0,0,0,0,0,0,0,0,0,0,0,0,0,0,0,0,0,0,0,0,0,0,0,0,0,0,0,0,0,0,0,0,0,0,0,0,0,0,0,0,0,0,0,0,0,0,0,0,0,0,0,0,0,0,0,0,0,0,0,0,0,0,0,0,0,0,0,4,0,0,0,0,2,0,0
Hemiptera,195,Trioza  laurisilvae,Triozidae,N,H,Homoptera - non aphid,2.10,0.314,0,0,0,0,0,0,0,0,0,0,0,0,1,0,0,0,0,0,0,0,0,0,0,0,0,0,0,1,0,0,0,0,0,0,0,0,0,0,0,0,0,0,0,0,0,0,0,0,0,0,0,0,0,0,0,0,0,0,0,0,0,0,0,0,0,0,0,0,0,0,0,0,0,0,0,0,0,0,0,0,0,0,0,0,0,0,0,0,0,0,0,0,0,0,0,0
Hemiptera,230,Nabis pseudoferus,Nabidae,N,P,Heteroptera,9.00,12.524,0,0,0,0,0,0,0,0,0,0,0,0,0,0,0,0,0,0,0,0,0,0,0,0,0,0,0,0,0,0,0,0,0,0,0,0,0,0,0,0,0,0,0,0,0,0,0,0,0,0,0,0,0,0,0,0,1,2,6,6,6,0,0,4,1,1,0,3,0,0,0,0,0,0,2,0,1,3,2,0,1,0,0,6,0,0,0,0,0,0,0,0,0,0,1,0
Hemiptera,232,Acyrthosiphon pisum,Aphididae,N,H,Aphidae,0.63,0.027,0,0,0,0,0,0,0,0,0,0,0,0,0,0,0,0,0,0,0,0,0,0,0,0,0,0,0,0,0,0,0,0,0,0,0,0,0,0,0,0,0,0,0,0,0,0,0,0,0,0,0,0,0,0,0,0,0,0,0,0,0,0,0,0,0,0,0,0,1,0,0,0,0,0,0,0,0,0,0,0,0,0,0,0,0,0,0,0,0,0,0,0,0,0,0,0
Hemiptera,248,Saldula palustris ,Saldidae,N,P,Heteroptera,3.17,0.758,0,0,0,0,0,0,0,0,0,0,0,0,0,0,0,0,0,0,0,0,0,0,0,0,0,0,0,0,0,0,0,0,0,0,0,0,0,0,0,0,0,0,0,0,0,0,0,0,0,0,0,0,0,0,0,0,0,0,0,0,0,0,0,0,0,0,0,0,0,0,0,0,0,0,0,0,0,0,0,0,0,0,0,1,0,0,0,1,0,0,0,0,0,0,0,0
Hemiptera,254,Megamelodes quadrimaculatus ,Delphacidae,N,H,Homoptera - non aphid,3.00,0.728,0,0,0,0,0,0,1,0,0,0,0,0,0,2,1,0,0,0,0,1,0,0,0,0,0,0,8,2,0,0,0,0,0,1,0,0,0,0,0,0,0,0,0,0,0,0,0,0,0,2,0,0,1,0,0,0,0,0,0,0,0,0,0,0,0,0,0,0,0,0,0,1,0,0,0,0,0,0,0,0,0,0,0,0,3,0,0,0,0,0,0,0,0,0,2,0
Hemiptera,270,Muellerianella sp.2,Delphacidae,N,H,Homoptera - non aphid,2.00,0.28,0,0,0,0,0,0,0,0,0,0,0,0,0,0,0,0,0,0,0,0,0,0,0,0,0,0,0,0,0,0,0,0,0,0,0,0,0,0,0,0,0,0,0,0,0,0,0,0,0,0,0,0,0,0,0,0,0,0,0,0,0,0,0,0,0,0,0,0,0,0,1,0,0,0,0,0,0,0,0,0,0,0,0,0,0,0,0,0,0,0,0,0,0,0,0,0
Hemiptera,289,Uroleucon erigeronense ,Aphididae,I,H,Aphidae,1.17,0.078,0,0,0,0,0,0,0,0,0,0,0,0,0,0,0,0,0,0,0,0,0,0,0,0,0,0,0,0,0,0,0,0,0,0,0,0,0,0,0,0,0,0,0,0,0,1,0,0,0,0,0,0,0,0,0,0,0,0,0,0,0,0,0,0,0,0,0,0,0,0,0,0,0,0,0,0,0,0,0,0,0,0,0,0,0,0,0,0,0,0,0,0,0,0,0,0
Hemiptera,304,Gen. sp.5,Coccidae,I,H,Homoptera - non aphid,0.81,0.033,0,0,0,0,0,0,0,0,0,0,0,0,0,0,0,0,0,0,0,0,0,0,0,0,0,0,0,0,0,0,1,0,0,0,0,0,0,0,0,0,5,0,0,0,0,0,0,0,0,0,0,0,0,0,0,0,0,0,0,0,0,0,0,0,0,0,0,0,0,0,0,0,0,0,0,0,0,0,0,0,0,0,0,0,0,0,0,0,0,0,0,0,0,0,0,0
Hemiptera,321,Kelisia ribauti Wagner,Delphacidae,N,H,Homoptera - non aphid,2.55,0.496,0,0,0,0,0,0,0,0,0,0,0,0,0,0,0,0,0,0,0,0,0,0,0,0,0,0,0,0,0,0,0,0,0,0,0,0,0,0,0,0,0,0,0,0,0,0,0,0,0,0,0,0,0,0,0,0,0,0,1,0,0,0,0,0,0,0,0,0,0,0,0,0,0,0,0,0,0,0,0,0,0,0,0,0,0,0,0,0,0,0,0,0,0,0,0,0
Hemiptera,407,Gen. sp.1,Cicadellidae,NA,H,Homoptera - non aphid,2.06,0.3,0,0,0,0,0,0,0,0,0,0,0,0,0,0,0,0,0,0,0,0,0,0,0,0,0,0,0,0,0,0,0,0,0,0,0,0,0,0,0,0,0,0,0,0,0,0,0,0,0,0,0,0,0,0,0,0,0,0,0,1,0,0,0,0,0,0,0,0,0,0,0,0,0,0,0,0,3,0,0,0,0,0,0,1,0,0,0,0,0,0,0,0,0,0,0,0
Hemiptera,416,Cixius azoricus,Cixiidae,E ,H,Homoptera - non aphid,5.00,2.422,0,0,0,0,0,0,0,0,0,0,0,0,0,0,0,0,2,0,0,0,0,0,0,0,0,0,0,0,0,0,0,0,0,0,0,0,0,0,0,0,0,0,0,0,0,0,0,0,0,0,0,0,0,0,0,0,0,0,0,0,0,0,0,0,0,0,0,0,0,0,0,0,0,0,0,0,0,0,0,0,0,0,0,0,0,0,0,0,0,0,0,0,0,0,0,0
Hemiptera,476,Monalocoris filicis ,Miridae,N,H,Heteroptera,2.22,0.291,0,0,0,0,0,0,0,0,0,0,0,0,0,0,2,0,0,0,0,0,0,0,0,0,0,0,0,1,0,0,0,0,0,0,0,0,0,0,0,0,0,0,0,0,0,0,0,0,0,0,0,0,0,0,0,0,0,0,0,0,0,0,0,0,0,0,0,0,0,0,0,0,0,0,0,0,0,0,0,0,0,0,0,0,0,0,0,0,0,0,0,0,0,0,0,0
Hemiptera,496,Nysius atlantidum,Lygaeidae,E ,H,Heteroptera,3.34,0.872,0,0,0,0,0,0,0,0,0,0,0,0,0,0,0,0,0,0,0,0,0,0,0,0,0,0,0,0,0,0,0,0,0,0,0,0,0,0,0,0,0,0,0,0,0,0,0,0,0,0,0,0,0,0,0,0,0,0,0,0,5,0,0,0,0,0,0,0,0,0,0,0,0,0,0,0,0,0,0,0,0,0,0,0,0,0,0,0,0,0,0,0,0,0,0,0
Hemiptera,521,Brachysteles parvicornis ,Anthocoridae,N,P,Heteroptera,2.00,0.22,0,0,0,0,0,0,0,0,0,0,0,0,0,0,0,0,0,0,0,1,0,0,0,0,0,0,0,0,0,0,0,0,0,0,0,0,0,0,0,0,0,0,0,0,0,0,0,0,0,0,0,0,0,0,0,0,0,0,0,0,0,0,0,0,0,0,0,0,0,0,0,0,0,0,0,0,0,0,0,0,0,0,0,0,0,0,0,0,0,0,0,0,0,0,0,0
Hemiptera,534,Toxoptera aurantii ,Aphididae,I,H,Aphidae,1.60,0.134,0,0,0,0,0,0,0,0,0,0,0,0,0,0,0,0,0,0,0,0,0,0,0,0,0,0,0,0,0,0,0,0,0,0,0,0,0,0,0,0,0,0,0,0,0,0,0,0,0,0,0,0,0,0,0,0,0,0,0,0,0,0,0,0,0,0,0,0,0,0,0,0,0,0,0,0,0,0,0,0,0,0,1,0,0,0,0,0,0,0,0,0,0,0,0,0
Hemiptera,636,Gen. sp.8,Aleyrodidae,E,H,Homoptera - non aphid,1.13,0.073,0,0,0,0,0,0,0,0,0,0,0,0,0,0,0,0,0,0,0,0,0,0,0,0,0,0,0,0,0,0,1,0,0,0,0,0,0,0,0,0,0,0,0,0,0,0,0,0,0,0,0,0,0,0,0,0,0,0,0,0,0,0,0,0,0,0,0,0,0,0,0,0,0,0,0,0,0,0,0,0,0,0,0,0,0,0,0,0,0,0,0,0,0,0,0,0
Hemiptera,696,Pithanus maerkelii ,Miridae,N,P/H,Heteroptera,5.00,2.58,0,0,0,0,0,0,0,0,0,0,0,0,0,0,0,0,0,0,0,0,0,0,0,0,0,0,0,0,0,0,0,0,0,0,0,0,0,0,0,0,0,0,0,0,0,0,0,0,0,0,0,0,0,0,0,0,0,0,0,0,0,0,0,0,0,0,0,0,0,0,0,0,0,0,0,0,0,0,0,0,0,0,0,0,1,0,0,0,0,0,0,0,0,0,0,0
Hemiptera,774,Emblethis denticollis,Lygaeidae,N,H,Heteroptera,6.15,4.5,0,0,0,0,0,0,0,0,1,0,0,0,0,0,0,0,0,0,0,0,0,0,0,0,0,0,0,0,0,0,0,0,0,0,0,0,0,0,0,0,0,0,0,0,0,0,0,0,0,0,0,0,0,0,0,0,0,0,0,0,0,0,1,0,0,0,0,1,0,0,0,0,0,0,0,0,0,0,0,0,0,0,0,0,0,0,0,0,0,0,0,0,0,0,0,0
Hemiptera,782,Beosus maritimus  ,Lygaeidae,N,H,Heteroptera,6.77,5.826,0,0,0,0,0,0,0,0,0,0,0,0,0,0,0,0,0,0,0,0,0,0,0,0,0,0,0,0,0,0,0,0,0,0,0,0,0,0,0,0,0,0,0,0,0,0,0,0,0,0,0,0,0,0,0,0,0,0,0,0,0,0,1,0,0,0,0,0,0,0,0,0,0,0,0,0,0,0,0,0,0,0,0,0,0,0,0,0,0,0,0,0,0,0,0,0
Hemiptera,877,Gen. sp.4,Delphacidae,N,H,Homoptera - non aphid,2.15,0.332,0,0,0,0,0,0,0,0,0,0,0,0,0,0,0,0,0,0,0,0,0,0,0,0,0,0,0,0,0,0,0,0,0,0,0,0,0,0,0,0,0,0,0,0,0,0,0,0,0,0,0,0,0,0,0,0,0,0,0,0,0,0,0,0,0,0,0,0,0,0,0,0,0,0,0,0,0,0,0,0,0,0,0,0,1,0,0,0,0,0,0,0,0,0,0,0
Hemiptera,890,Euscelidius variegatus ,Cicadellidae,N,H,Homoptera - non aphid,3.56,1.089,0,0,0,0,0,0,0,0,0,0,0,0,0,0,0,0,0,0,0,0,0,0,0,0,0,0,0,0,0,0,0,0,0,0,0,0,0,0,0,0,0,0,0,0,0,0,0,0,0,0,0,0,0,0,0,0,6,4,20,18,9,0,3,1,7,0,1,39,0,0,0,0,0,1,4,2,1,0,18,0,0,0,0,0,0,0,0,0,0,0,0,1,0,0,0,0
Hemiptera,926,Anoscopus albifrons ,Cicadellidae,N,H,Homoptera - non aphid,4.00,1.432,0,0,0,0,0,0,5,4,0,0,0,0,0,0,0,1,0,0,0,0,0,0,0,1,2,0,0,0,0,1,0,0,0,0,0,0,0,0,0,1,0,0,0,0,0,0,0,0,0,1,0,0,0,0,0,0,7,16,0,0,4,0,2,5,2,0,7,0,0,1,0,25,0,0,0,0,11,0,0,0,20,6,3,2,24,1,1,4,10,0,0,2,0,9,86,8
Hemiptera,1021,Gen. sp.4,Cicadellidae,NA,H,Homoptera - non aphid,1.99,0.277,0,0,0,0,0,0,0,0,0,0,0,1,0,0,0,0,0,0,0,0,0,0,0,0,0,0,0,0,0,0,0,0,0,0,0,0,0,0,0,0,0,0,0,0,0,0,0,0,0,0,0,0,0,0,0,0,0,0,0,0,0,0,0,0,0,0,0,0,0,0,0,1,0,0,0,0,0,0,0,0,0,0,0,0,0,0,0,0,0,0,0,0,0,0,0,0
Hemiptera,1039,Corixa affinis Leach,Corixidae,N,P,Heteroptera,7.89,8.792,0,0,0,0,0,0,0,0,0,0,0,0,0,0,0,0,0,0,0,0,0,0,0,0,0,0,0,0,0,0,0,0,0,0,0,0,0,0,0,0,0,0,0,0,0,0,0,0,0,0,0,0,0,0,0,0,0,0,0,0,0,0,0,0,0,0,0,0,0,0,0,0,0,0,0,0,0,0,0,0,0,0,0,0,0,1,0,0,0,0,0,0,0,0,0,0
Hemiptera,1169,Gen. sp.4,Psyllidae,I,H,Homoptera - non aphid,2.57,0.506,0,0,0,0,0,0,0,0,0,0,0,0,0,0,1,0,0,0,0,0,0,0,0,0,0,0,0,0,0,0,0,0,0,0,0,0,0,0,0,0,0,0,0,0,0,0,0,0,0,0,0,0,0,0,0,0,0,0,0,0,0,0,0,0,0,0,0,0,0,0,0,0,0,0,0,0,0,0,0,0,0,0,0,0,0,0,0,0,0,0,0,0,0,0,0,0
Julida,9,Ommatoiulus moreletii ,Julidae,I,H,Diplopoda,40.04,220.46,1,53,16,25,16,4,2,14,0,8,0,2,33,105,9,46,0,1,0,3,0,0,4,28,12,17,17,3,7,5,0,6,1,9,15,5,1,7,13,6,0,0,0,0,22,0,31,0,1,9,10,17,5,0,0,0,0,1,0,0,4,0,1,0,0,0,0,2,0,0,0,8,0,0,0,0,1,1,0,0,16,2,13,0,3,0,3,0,0,7,8,3,12,1,89,0
Julida,48,Blaniulus guttullatus ,Blaniulidae,I,S,Diplopoda,6.83,0.219,0,0,0,11,0,0,0,0,0,0,0,23,5,91,6,0,0,0,0,0,0,0,0,0,0,0,0,0,0,0,0,0,0,0,0,0,0,0,0,0,0,0,0,0,0,0,0,0,0,0,0,0,0,0,0,0,0,0,0,0,0,0,0,0,0,0,0,0,0,0,0,0,0,0,0,0,0,0,0,0,0,0,0,0,0,0,0,0,0,0,0,0,0,0,0,0
Julida,53,Proteroiulus fuscus ,Blaniulidae,I,S,Diplopoda,11.28,1.558,0,0,0,0,0,0,0,0,0,10,0,3,0,0,0,0,0,0,0,0,0,0,0,0,0,0,0,0,0,0,0,0,0,0,0,0,0,0,0,0,0,0,0,0,0,0,0,0,0,0,0,0,0,0,0,0,0,0,0,0,0,0,0,0,0,0,0,0,0,0,0,0,0,0,0,0,0,0,0,0,0,0,0,0,0,0,0,0,0,0,0,0,0,0,0,0
Julida,282,Cylindroiulus propinquus ,Julidae,I,S,Diplopoda,37.44,169.571,0,0,0,0,2,0,3,0,1,0,0,7,0,4,3,0,0,2,0,1,0,0,6,3,0,0,0,2,5,5,0,10,0,3,9,6,5,5,0,1,0,6,0,0,0,0,0,0,8,0,3,1,0,0,0,0,0,0,0,0,0,0,0,0,0,0,0,0,0,0,0,0,0,0,0,0,0,0,0,0,0,0,1,0,0,0,0,0,0,1,0,0,3,0,2,0
Julida,309,Choneiulus palmatus,Blaniulidae,I,S,Diplopoda,4.50,0.043,0,0,0,0,0,0,0,0,0,0,46,0,0,0,2,0,0,0,0,0,0,0,0,0,0,0,0,0,2,0,0,0,0,0,0,0,0,0,0,0,0,0,0,0,0,0,0,0,0,0,0,0,0,0,0,0,0,0,0,0,0,0,0,0,0,0,0,0,0,0,0,0,0,0,0,0,0,0,0,0,0,0,0,0,0,0,0,0,0,0,0,0,0,0,0,0
Lithobiomorpha ,27,Lithobius pilicornis,Lithobiidae,N,P,Chilopoda,21.83,11.821,10,62,49,1,1,24,91,35,68,13,69,10,2,3,0,42,0,5,0,7,0,0,41,1,2,0,0,53,46,58,0,27,18,80,50,85,12,31,0,24,0,24,0,0,25,0,0,0,16,15,37,14,5,0,0,0,0,0,0,0,0,0,0,0,0,0,1,0,0,0,0,0,0,0,0,0,0,1,0,0,0,0,1,0,0,0,1,1,9,0,4,3,1,20,0,0
Lithobiomorpha ,1006,Lithobius sp.2,Lithobiidae,N,P,Chilopoda,8.97,1.144,0,0,0,0,0,0,0,0,0,0,0,0,0,0,0,0,0,0,0,0,0,0,0,0,0,0,0,0,0,0,0,0,0,0,0,0,0,0,0,0,0,0,0,0,0,0,0,0,0,0,0,0,0,0,0,0,2,2,1,0,0,5,18,34,3,12,24,0,6,0,0,1,0,5,37,10,0,2,0,16,0,0,43,89,0,0,0,0,0,12,0,0,0,0,0,0
Microcoryphia,144,Trigoniophthalmus borgesi,Machilidae,E ,S,None,14.11,22.367,0,0,0,0,0,0,0,0,0,0,1,0,2,0,0,0,0,0,0,0,0,0,0,0,0,0,0,0,1,0,0,0,0,0,0,1,0,3,0,0,0,0,0,0,1,0,0,0,0,0,0,0,0,0,0,0,0,0,0,0,0,0,0,0,0,0,0,0,0,0,0,0,0,0,0,0,0,0,0,0,0,0,0,0,0,0,0,0,0,0,0,0,0,0,0,0
Microcoryphia,279,Dilta saxicola ,Machilidae,N,S,None,12.00,15.18,0,0,0,0,0,0,0,0,0,0,0,1,0,0,0,0,0,0,0,0,0,0,0,0,0,0,0,0,0,0,0,0,0,0,0,0,0,0,0,0,0,0,0,0,0,0,0,0,0,0,0,0,0,0,0,0,0,0,0,0,0,0,0,0,0,0,0,0,0,0,0,0,0,0,0,0,0,0,0,0,0,0,0,0,0,0,0,0,0,0,0,0,0,0,0,0
Opiliones,6,Leiobunum i Meade,Phalangiidae,N,P,Opilionida,6.00,7.526,9,16,27,3,0,0,0,1,6,9,10,14,8,19,1,2,0,2,0,0,0,0,0,3,2,6,3,2,0,1,0,6,2,0,2,1,0,0,0,0,0,0,0,0,0,0,0,0,2,0,1,3,0,0,0,0,0,0,0,3,0,0,0,6,0,0,2,0,0,0,0,0,0,0,1,0,4,4,0,0,6,9,2,12,0,0,1,0,0,0,0,0,0,1,12,0
Opiliones,33,Homalenotus coriaceus ,Phalangiidae,N,P,Opilionida,3.82,2.017,0,2,0,118,0,0,0,3,0,0,0,1,3,7,0,0,0,0,0,0,0,0,0,7,34,42,43,0,0,0,0,0,0,0,0,0,0,0,0,0,0,0,0,0,0,0,0,0,0,0,0,0,0,0,0,0,0,6,1,0,0,0,0,0,0,0,0,0,0,0,0,1,0,0,0,0,0,0,2,0,18,33,2,5,0,0,0,0,0,4,0,0,3,0,38,0
Orthoptera,123,Gryllus bimaculatus ,Gryllidae,I,S,Orthoptera,32.69,251.219,0,0,0,0,0,0,0,0,0,0,0,0,0,0,0,0,0,0,0,0,0,0,0,0,0,0,0,0,0,0,0,0,0,0,0,0,0,0,0,0,0,0,0,0,0,0,0,0,0,0,0,0,0,0,0,0,0,0,13,6,90,0,0,1,0,0,0,11,0,0,0,0,3,0,0,0,0,0,2,0,0,0,0,0,0,0,0,0,0,0,0,0,0,0,0,1
Orthoptera,245,Eumodicogryllus bordigalensis ,Gryllidae,I,S,Orthoptera,10.21,11.677,0,0,0,0,1,0,0,0,0,2,0,0,0,0,0,0,0,0,0,0,0,0,0,0,0,0,0,0,0,0,0,0,0,0,0,0,0,0,0,0,0,0,0,0,0,0,0,0,0,0,0,0,0,0,0,0,112,196,0,0,0,0,0,0,0,0,0,0,0,0,0,0,0,0,1,0,0,0,0,0,0,0,0,1,0,0,0,0,0,0,0,0,0,0,0,0
Polydesmida,37,Polydesmus coriaceus,Polydesmidae,I,S,Diplopoda,25.38,37.097,0,1,0,1,1,1,0,5,0,0,0,8,11,25,4,0,0,1,0,1,0,0,3,0,0,0,0,2,3,1,0,1,0,0,0,0,0,0,0,0,0,0,0,0,0,0,0,0,2,1,0,0,2,0,0,0,0,0,0,0,0,0,0,0,0,0,0,0,0,0,0,0,0,0,0,0,0,0,0,0,0,0,0,1,4,0,0,0,0,1,0,0,0,0,1,0
Polydesmida,71,Oxidus gracilis ,Paradoxosomatidae,I,S,Diplopoda,16.00,6.111,0,0,0,0,11,0,0,0,0,0,0,0,0,0,0,0,0,0,0,0,0,0,0,0,0,0,0,0,0,0,0,0,0,0,0,0,0,0,0,0,0,0,0,0,0,0,0,0,0,0,0,0,0,0,0,0,0,0,0,0,0,0,0,0,0,0,0,0,0,0,0,0,0,0,0,0,0,0,0,0,1,0,0,0,0,0,0,0,0,0,0,0,0,0,0,0
Polydesmida,214,Brachydesmus superus,Polydesmidae,I,S,Diplopoda,6.62,0.194,0,0,0,0,0,0,0,0,0,0,0,0,0,0,0,0,0,2,0,0,0,0,0,0,0,0,0,0,0,0,0,0,0,0,0,0,0,0,0,0,0,0,0,0,0,0,0,0,0,0,0,0,0,0,0,0,0,0,0,0,0,0,0,0,0,0,0,0,0,0,0,0,0,0,0,0,0,0,0,0,0,0,0,0,0,0,0,0,0,0,0,0,0,0,0,0
Pseudoscorpiones,38,Chthonius ischnocheles ,Chthoniidae,I,P,Pseudoscorpiones,2.00,0.258,3,0,0,2,0,7,5,0,2,5,5,0,0,0,1,2,0,8,0,6,0,0,2,1,6,3,0,13,7,12,1,4,0,0,0,7,0,6,0,0,0,5,0,0,0,0,0,0,0,5,5,6,3,0,0,0,0,0,0,0,0,0,0,0,0,0,0,0,0,0,0,0,0,0,0,0,0,0,0,0,0,1,0,0,0,0,0,0,1,0,1,0,0,0,0,0
Pseudoscorpiones,103,Chthonius tetrachelatus ,Chthoniidae,I,P,Pseudoscorpiones,1.61,0.115,0,0,0,0,0,1,0,0,0,0,10,0,1,3,0,0,0,0,0,0,0,0,0,0,0,1,0,0,0,0,0,0,0,0,0,0,0,0,0,0,0,0,0,0,0,0,0,0,0,0,0,0,0,0,0,0,0,1,0,0,0,0,0,0,0,0,0,0,0,0,0,0,0,0,0,0,0,0,0,0,0,0,0,0,0,0,0,0,0,0,0,0,0,0,0,0
Psocoptera,36,Lachesilla greeni ,Lachesillidae,I,S,Psocoptera,0.93,0.038,0,1,0,0,0,0,0,0,0,0,0,0,0,0,0,0,0,0,0,0,0,0,0,0,0,0,0,0,0,1,0,0,0,0,0,0,0,0,0,0,0,0,0,0,0,0,0,0,0,0,0,0,0,0,0,0,0,0,0,0,0,0,0,0,0,0,0,0,0,0,0,0,0,0,0,0,0,0,0,0,0,0,0,0,0,0,0,0,0,0,0,0,0,0,0,0
Psocoptera,121,Ectopsocus briggsi,Ectopsocidae,I,S,Psocoptera,2.00,0.132,0,0,0,1,0,0,0,0,0,0,0,0,0,0,0,0,0,0,0,0,0,0,0,0,0,0,0,0,0,0,0,0,0,0,0,0,0,0,0,0,0,0,0,0,0,0,0,0,0,0,0,0,0,0,0,0,0,0,0,0,0,0,0,0,0,0,0,0,0,0,0,0,0,0,0,0,0,0,0,0,0,0,0,0,0,0,0,0,0,0,0,0,0,0,0,0
Psocoptera,218,Ectopsocus strauchi,Ectopsocidae,N,S,Psocoptera,1.44,0.077,0,0,0,2,0,0,0,0,0,0,0,0,0,0,0,0,0,0,0,0,0,0,0,0,0,0,0,0,0,0,0,0,0,0,0,0,0,0,0,0,0,0,0,0,0,0,0,0,0,0,0,0,0,0,0,0,0,0,0,0,0,0,0,0,0,0,0,0,0,0,0,0,0,0,0,0,0,0,0,0,0,0,0,0,0,0,0,0,0,0,0,0,0,0,0,0
Psocoptera,792,Gen. sp.1,Trogiidae,I,S,Psocoptera,2.56,0.198,0,0,0,0,0,0,0,0,0,0,0,0,0,0,0,0,0,0,0,0,0,0,0,0,1,0,0,0,0,0,0,0,0,0,0,0,0,0,0,0,0,0,0,0,0,0,0,0,0,0,0,0,0,0,0,0,0,0,0,0,0,0,0,0,0,0,0,0,0,0,0,0,0,0,0,0,0,0,0,0,0,0,0,0,0,0,0,0,0,0,0,0,0,0,0,0
Scolopendromorpha,243,Cryptops hortensis,Cryptopidae,N,P,Chilopoda,15.39,4.721,0,0,0,0,0,0,1,0,0,0,2,0,0,0,0,0,0,0,0,0,0,0,0,0,0,0,0,0,0,1,0,0,0,0,0,0,0,0,0,0,0,0,0,0,0,0,0,0,0,0,0,1,0,0,0,0,0,0,0,0,0,0,0,0,0,0,0,0,0,0,0,0,0,0,0,0,0,0,0,0,0,0,0,0,0,0,0,0,0,1,0,0,1,0,0,0
Scutigeromorpha,336,Scutigera coleoptrata ,Scutigeridae,I,P,Chilopoda,12.64,2.815,0,0,0,0,0,0,0,0,0,0,0,0,0,0,0,0,0,0,0,0,0,0,0,0,0,0,0,0,0,0,0,0,0,0,0,0,0,0,0,0,0,0,0,0,0,0,0,0,0,0,0,0,0,0,0,0,0,0,0,0,2,0,0,0,0,0,0,1,0,0,0,0,0,0,0,0,0,0,1,0,0,0,0,0,0,0,0,0,0,0,0,0,0,0,0,0
Symphyla,47,Scutigerella immaculata,Scutigerellidae,N,S,None,3.89,1.025,0,0,1,0,0,0,0,0,0,0,0,0,0,0,0,0,0,0,0,0,0,0,0,0,0,0,0,0,0,0,0,0,0,0,0,0,0,0,0,0,0,0,0,0,0,0,0,0,0,0,0,0,0,0,0,0,0,0,0,0,0,0,0,0,0,0,0,0,0,0,0,0,0,0,0,0,0,0,0,0,0,0,0,0,0,0,0,0,0,0,0,0,0,0,0,0
Thysanoptera,13,Hoplothrips corticis ,Phlaeothripidae,N,F,Thysanoptera,2.76,0.093,0,0,0,0,0,0,0,1,0,0,0,0,1,0,0,0,0,0,0,0,0,0,0,0,0,0,0,0,0,0,0,0,1,0,0,0,0,0,0,0,0,0,0,0,0,0,0,0,0,0,0,0,0,0,0,0,0,0,0,0,0,0,0,0,0,0,0,0,0,0,0,0,0,0,0,0,0,0,0,0,0,0,0,0,0,1,1,0,0,0,0,0,0,0,0,0
Thysanoptera,135,Nesothrips propinquus ,Phlaeothripidae,I,H,Thysanoptera,0.76,0.004,0,0,0,0,0,0,0,0,0,0,0,0,0,0,0,0,0,0,0,0,0,0,0,0,0,0,0,0,0,0,0,0,0,0,0,0,0,0,0,0,0,0,0,0,0,0,0,0,0,0,0,0,0,0,0,0,0,0,20,0,0,0,0,0,0,0,0,0,0,0,0,0,0,0,0,0,0,0,1,0,0,0,0,0,0,0,0,0,0,0,0,0,0,0,0,0
Thysanoptera,280,Hercinothrips bicinctus ,Thripidae,I,H,Thysanoptera,1.27,0.013,0,0,0,0,0,0,0,0,0,0,0,0,0,0,0,0,0,0,0,0,0,0,0,0,0,3,0,0,0,0,0,0,0,0,0,0,0,0,0,0,0,0,0,0,0,0,0,0,0,0,0,0,0,0,0,0,0,0,0,0,0,0,0,0,0,0,0,0,0,0,0,0,0,0,0,0,0,0,0,0,0,0,0,0,0,0,0,0,0,0,0,0,0,0,0,0
Thysanoptera,359,Aptinothrips rufus,Thripidae,I,H,Thysanoptera,1.04,0.008,0,0,0,0,0,0,0,0,0,0,0,0,0,0,0,0,0,0,0,0,0,0,0,0,0,0,0,0,0,0,0,0,0,0,0,0,0,0,0,0,0,0,0,0,0,0,0,0,0,0,0,0,0,0,0,0,0,0,0,0,0,0,0,0,0,0,0,0,0,0,0,0,0,0,0,0,0,0,0,0,0,0,0,0,0,0,0,0,0,1,0,0,0,0,0,0
Thysanoptera,471,Ceratothrips ericae ,Thripidae,N,H,Thysanoptera,1.14,0.01,0,0,0,0,0,0,0,0,0,0,0,0,0,0,0,0,0,0,0,0,0,0,0,0,0,1,0,0,0,0,0,0,0,0,0,0,0,0,0,0,0,0,0,0,0,0,0,0,0,0,0,0,0,0,0,0,0,0,0,0,0,0,0,0,0,0,0,0,0,0,0,0,0,0,0,0,0,0,0,0,0,0,0,0,0,0,0,0,0,0,0,0,0,0,0,0
Trichoptera,432,Limnephilus atlanticus,Limnephilidae,E ,P,Trichoptera,9.14,1.279,0,0,0,0,0,0,0,0,0,0,0,0,0,0,0,0,0,0,0,0,0,0,0,0,0,0,0,0,0,0,0,0,0,0,0,0,0,0,0,0,0,1,0,0,0,0,0,0,0,0,0,0,0,0,0,0,0,0,0,0,0,0,0,0,0,0,0,0,0,0,0,0,0,0,0,0,0,0,0,0,0,0,0,0,0,0,0,0,0,0,0,0,0,0,0,0